Emp_ID,Emp_Name ,Emp_OE_Code,Manager_OE_Code,Manager_Dept
Dir,Kristin Caldwell,Dir,,Head
OEA,Jennifer Johnson.,OEA,Dir,Head
OEA1,Natalie Robinson.,OEA1,OEA,Order Mgmt 
OEA2,John Ferguson.,OEA2,OEA,Order Mgmt 
OEB,Cesar Hunt,OEB,Dir,Head
OEB1,Kenneth Ross,OEB1,OEB,Order Mgmt 
OEC,Molly Hamilton,OEC,Dir,Head
OEC1,Michael Oconnor,OEC1,OEC,Client & Data Analytics
OEC2,Elizabeth Mcknight,OEC2,OEC,Client & Data Analytics
OED,Matthew Smith,OED,Dir,Head
OED1,Denise Armstrong,OED1,OED,Client & Data Analytics
OED2,Deanna Allen,OED2,OED,Client & Data Analytics
OED3,Ricky Silva,OED3,OED,Client & Data Analytics
OEE,Amber Snyder,OEE,Dir,Head
OEE1,Jordan Spencer,OEE1,OEE,Business Analysis
OEE2,Donald Winters,OEE2,OEE,Business Analysis
OEA11_1,Melanie Mccarty,OEA11,OEA1,Order Mgmt 
OEA11_2,Amy Murphy,OEA11,OEA1,Order Mgmt 
OEA11_3,Ryan Thompson,OEA11,OEA1,Order Mgmt 
OEA11_4,Joanne Oliver,OEA11,OEA1,Order Mgmt 
OEA11_5,Lisa Preston,OEA11,OEA1,Order Mgmt 
OEA11_6,Joshua Vaughn,OEA11,OEA1,Order Mgmt 
OEA11_7,Sarah Wilson,OEA11,OEA1,Order Mgmt 
OEA11_8,James Lee,OEA11,OEA1,Order Mgmt 
OEA11_9,Roger Zavala,OEA11,OEA1,Order Mgmt 
OEA11_10,Christine Anderson,OEA11,OEA1,Order Mgmt 
OEA11_11,Brandon Green,OEA11,OEA1,Order Mgmt 
OEA11_12,Gail Charles,OEA11,OEA1,Order Mgmt 
OEA11_13,Morgan Beck,OEA11,OEA1,Order Mgmt 
OEA11_14,Jillian Stafford,OEA11,OEA1,Order Mgmt 
OEA11_15,Jeffery Moore,OEA11,OEA1,Order Mgmt 
OEA11_16,Carolyn Lee,OEA11,OEA1,Order Mgmt 
OEA11_17,Crystal Jackson,OEA11,OEA1,Order Mgmt 
OEA11_18,Joe Martinez,OEA11,OEA1,Order Mgmt 
OEA11_19,Brian Pham,OEA11,OEA1,Order Mgmt 
OEA11_20,Patrick Jennings,OEA11,OEA1,Order Mgmt 
OEA11_21,Daniel Bryant,OEA11,OEA1,Order Mgmt 
OEA11_22,Heather Sullivan,OEA11,OEA1,Order Mgmt 
OEA11_23,Thomas Lee,OEA11,OEA1,Order Mgmt 
OEA11_24,Michael Baker,OEA11,OEA1,Order Mgmt 
OEA11_25,Danielle Hancock,OEA11,OEA1,Order Mgmt 
OEA11_26,Matthew Young,OEA11,OEA1,Order Mgmt 
OEA11_27,Ryan Case,OEA11,OEA1,Order Mgmt 
OEA11_28,Theresa Marshall,OEA11,OEA1,Order Mgmt 
OEA11_29,Jeremy Hayes,OEA11,OEA1,Order Mgmt 
OEA11_30,Thomas Green,OEA11,OEA1,Order Mgmt 
OEA1_1,Thomas Mayo,OEA12,OEA1,Order Mgmt 
OEA1_2,Louis Barker,OEA12,OEA1,Order Mgmt 
OEA1_3,Shannon Mccall,OEA12,OEA1,Order Mgmt 
OEA1_4,Sheila Torres,OEA12,OEA1,Order Mgmt 
OEA1_5,Michael Brown,OEA12,OEA1,Order Mgmt 
OEA1_6,Kelsey Bell,OEA12,OEA1,Order Mgmt 
OEA1_7,Charles Johnson,OEA12,OEA1,Order Mgmt 
OEA1_8,Sonya Ware,OEA12,OEA1,Order Mgmt 
OEA1_9,Tony Gallagher,OEA12,OEA1,Order Mgmt 
OEA1_10,Amanda Robinson,OEA12,OEA1,Order Mgmt 
OEA1_11,Justin Gentry,OEA12,OEA1,Order Mgmt 
OEA1_12,Chris Jimenez,OEA12,OEA1,Order Mgmt 
OEA1_13,Brandon Lester,OEA12,OEA1,Order Mgmt 
OEA1_14,Sean Gross,OEA12,OEA1,Order Mgmt 
OEA1_15,Judy Chavez,OEA12,OEA1,Order Mgmt 
OEA1_16,Lisa David,OEA12,OEA1,Order Mgmt 
OEA1_17,Lance Johnson,OEA12,OEA1,Order Mgmt 
OEA1_18,Joshua Hernandez,OEA12,OEA1,Order Mgmt 
OEA1_19,Michelle Jones,OEA12,OEA1,Order Mgmt 
OEA1_20,William Rodriguez,OEA12,OEA1,Order Mgmt 
OEA1_21,Erin Munoz,OEA12,OEA1,Order Mgmt 
OEA1_22,Scott West,OEA12,OEA1,Order Mgmt 
OEA1_23,Alexandra Green,OEA12,OEA1,Order Mgmt 
OEA1_24,Steven Lamb,OEA12,OEA1,Order Mgmt 
OEA1_25,Diana Norton,OEA12,OEA1,Order Mgmt 
OEA1_26,Derrick Harmon,OEA12,OEA1,Order Mgmt 
OEA1_27,Christina Chavez,OEA12,OEA1,Order Mgmt 
OEA1_28,Arthur Campbell,OEA12,OEA1,Order Mgmt 
OEA1_29,Steven Brooks,OEA12,OEA1,Order Mgmt 
OEA1_30,Alison Davis,OEA12,OEA1,Order Mgmt 
OEA13_1,Jay Williams,OEA13,OEA1,Order Mgmt 
OEA13_2,Taylor Silva,OEA13,OEA1,Order Mgmt 
OEA13_3,Rachael Oneal,OEA13,OEA1,Order Mgmt 
OEA13_4,Nicholas Zavala,OEA13,OEA1,Order Mgmt 
OEA13_5,James Fisher,OEA13,OEA1,Order Mgmt 
OEA13_6,Heather Nelson,OEA13,OEA1,Order Mgmt 
OEA13_7,Sarah Michael,OEA13,OEA1,Order Mgmt 
OEA13_8,David Jarvis,OEA13,OEA1,Order Mgmt 
OEA13_9,Adam Patel,OEA13,OEA1,Order Mgmt 
OEA13_10,Tina Hunt,OEA13,OEA1,Order Mgmt 
OEA13_11,Lucas White,OEA13,OEA1,Order Mgmt 
OEA13_12,Charles Vazquez,OEA13,OEA1,Order Mgmt 
OEA13_13,Joe Vargas,OEA13,OEA1,Order Mgmt 
OEA13_14,Anthony Charles,OEA13,OEA1,Order Mgmt 
OEA13_15,Ricardo Bates,OEA13,OEA1,Order Mgmt 
OEA13_16,Thomas Collier,OEA13,OEA1,Order Mgmt 
OEA13_17,John Miller,OEA13,OEA1,Order Mgmt 
OEA13_18,Ryan Morales,OEA13,OEA1,Order Mgmt 
OEA13_19,John Santana,OEA13,OEA1,Order Mgmt 
OEA13_20,Joshua James,OEA13,OEA1,Order Mgmt 
OEA13_21,Denise Garrett,OEA13,OEA1,Order Mgmt 
OEA13_22,Adam Lam,OEA13,OEA1,Order Mgmt 
OEA13_23,Sandy Hill,OEA13,OEA1,Order Mgmt 
OEA13_24,Christopher Miller,OEA13,OEA1,Order Mgmt 
OEA13_25,Amanda George,OEA13,OEA1,Order Mgmt 
OEA13_26,Stacey Davis,OEA13,OEA1,Order Mgmt 
OEA13_27,Christopher Li,OEA13,OEA1,Order Mgmt 
OEA13_28,John Baker,OEA13,OEA1,Order Mgmt 
OEA13_29,Judith Evans,OEA13,OEA1,Order Mgmt 
OEA13_30,James Moody,OEA13,OEA1,Order Mgmt 
OEA13_31,James Mendoza,OEA13,OEA1,Order Mgmt 
OEA13_32,Nicole Martinez,OEA13,OEA1,Order Mgmt 
OEA13_33,Barbara Franklin,OEA13,OEA1,Order Mgmt 
OEA13_34,Erin Kim,OEA13,OEA1,Order Mgmt 
OEA13_35,Tammie Newton,OEA13,OEA1,Order Mgmt 
OEA13_36,Michelle Armstrong,OEA13,OEA1,Order Mgmt 
OEA14_1,Sharon Evans,OEA14,OEA1,Order Mgmt 
OEA14_2,Mary Bryan,OEA14,OEA1,Order Mgmt 
OEA14_3,Whitney Willis,OEA14,OEA1,Order Mgmt 
OEA14_4,Colton Steele,OEA14,OEA1,Order Mgmt 
OEA14_5,Marilyn Spencer,OEA14,OEA1,Order Mgmt 
OEA14_6,Gloria Miller,OEA14,OEA1,Order Mgmt 
OEA14_7,Michele Burgess,OEA14,OEA1,Order Mgmt 
OEA14_8,Veronica Mendoza,OEA14,OEA1,Order Mgmt 
OEA14_9,Patrick Shaw,OEA14,OEA1,Order Mgmt 
OEA14_10,Dawn May,OEA14,OEA1,Order Mgmt 
OEA14_11,Crystal Davis,OEA14,OEA1,Order Mgmt 
OEA14_12,Brian Lindsey,OEA14,OEA1,Order Mgmt 
OEA14_13,Teresa Taylor,OEA14,OEA1,Order Mgmt 
OEA14_14,Mitchell Davis,OEA14,OEA1,Order Mgmt 
OEA14_15,Annette Hill,OEA14,OEA1,Order Mgmt 
OEA14_16,Peter Myers,OEA14,OEA1,Order Mgmt 
OEA14_17,Donald Wilkins,OEA14,OEA1,Order Mgmt 
OEA14_18,Mary Byrd,OEA14,OEA1,Order Mgmt 
OEA14_19,Sonia Brown,OEA14,OEA1,Order Mgmt 
OEA14_20,Brenda Johnson,OEA14,OEA1,Order Mgmt 
OEA14_21,Jacob Turner,OEA14,OEA1,Order Mgmt 
OEA14_22,Cindy Carter,OEA14,OEA1,Order Mgmt 
OEA14_23,Dennis Bailey,OEA14,OEA1,Order Mgmt 
OEA14_24,Evan Mcdonald,OEA14,OEA1,Order Mgmt 
OEA14_25,Jacob Braun,OEA14,OEA1,Order Mgmt 
OEA14_26,Deborah Esparza,OEA14,OEA1,Order Mgmt 
OEA14_27,Amanda White,OEA14,OEA1,Order Mgmt 
OEA14_28,Rhonda Peterson,OEA14,OEA1,Order Mgmt 
OEA14_29,Jessica Hill,OEA14,OEA1,Order Mgmt 
OEA14_30,Jill Mccarthy,OEA14,OEA1,Order Mgmt 
OEA14_31,Brian Mayer,OEA14,OEA1,Order Mgmt 
OEA14_32,Wayne Scott,OEA14,OEA1,Order Mgmt 
OEA14_33,Charles Barnett,OEA14,OEA1,Order Mgmt 
OEA21_1,Krystal Sherman,OEA21,OEA2,Order Mgmt 
OEA21_2,Alan Porter,OEA21,OEA2,Order Mgmt 
OEA21_3,Jessica Buck,OEA21,OEA2,Order Mgmt 
OEA21_4,Angela James,OEA21,OEA2,Order Mgmt 
OEA21_5,Hannah Anderson,OEA21,OEA2,Order Mgmt 
OEA21_6,John Cole,OEA21,OEA2,Order Mgmt 
OEA21_7,Scott Smith,OEA21,OEA2,Order Mgmt 
OEA21_8,Jeff Tate,OEA21,OEA2,Order Mgmt 
OEA21_9,Julie Rowe,OEA21,OEA2,Order Mgmt 
OEA21_10,Lori Matthews,OEA21,OEA2,Order Mgmt 
OEA21_11,David Jackson,OEA21,OEA2,Order Mgmt 
OEA21_12,Mark Vazquez,OEA21,OEA2,Order Mgmt 
OEA21_13,Stephanie Burton,OEA21,OEA2,Order Mgmt 
OEA21_14,Benjamin Green,OEA21,OEA2,Order Mgmt 
OEA21_15,Michelle Stuart,OEA21,OEA2,Order Mgmt 
OEA21_16,Sharon Adams,OEA21,OEA2,Order Mgmt 
OEA21_17,Troy Acosta,OEA21,OEA2,Order Mgmt 
OEA21_18,Hunter Martinez,OEA21,OEA2,Order Mgmt 
OEA21_19,Micheal Miles,OEA21,OEA2,Order Mgmt 
OEA21_20,Jessica Mills,OEA21,OEA2,Order Mgmt 
OEA21_21,Gina Barr,OEA21,OEA2,Order Mgmt 
OEA21_22,Alexis Warren,OEA21,OEA2,Order Mgmt 
OEA21_23,Kathryn Mcdonald,OEA21,OEA2,Order Mgmt 
OEA21_24,Paul Griffin,OEA21,OEA2,Order Mgmt 
OEA21_25,Jason Bishop,OEA21,OEA2,Order Mgmt 
OEA21_26,Carol Ellis,OEA21,OEA2,Order Mgmt 
OEA21_27,Susan Morgan,OEA21,OEA2,Order Mgmt 
OEA21_28,Tracy Jackson,OEA21,OEA2,Order Mgmt 
OEA21_29,Brandon Gardner,OEA21,OEA2,Order Mgmt 
OEA21_30,Katherine Tanner,OEA21,OEA2,Order Mgmt 
OEA21_31,Teresa Ryan,OEA21,OEA2,Order Mgmt 
OEA21_32,Janet Smith,OEA21,OEA2,Order Mgmt 
OEA21_33,Kimberly Owens,OEA21,OEA2,Order Mgmt 
OEA21_34,Cole Anderson,OEA21,OEA2,Order Mgmt 
OEA21_35,Stephen Anderson,OEA21,OEA2,Order Mgmt 
OEA21_36,Eric Anthony,OEA21,OEA2,Order Mgmt 
OEA21_37,Cheyenne Benson,OEA21,OEA2,Order Mgmt 
OEA21_38,Mark Chaney,OEA21,OEA2,Order Mgmt 
OEA21_39,Charles Johnson,OEA21,OEA2,Order Mgmt 
OEA21_40,Joseph Elliott,OEA21,OEA2,Order Mgmt 
OEA21_41,Monique Gonzales,OEA21,OEA2,Order Mgmt 
OEA21_42,Anthony Lester,OEA21,OEA2,Order Mgmt 
OEA21_43,Jennifer Garcia,OEA21,OEA2,Order Mgmt 
OEA21_44,Eric Perry,OEA21,OEA2,Order Mgmt 
OEA21_45,Daniel Woods,OEA21,OEA2,Order Mgmt 
OEA21_46,Andrew Mejia,OEA21,OEA2,Order Mgmt 
OEA22_1,Jonathan Martinez,OEA22,OEA2,Order Mgmt 
OEA22_2,Lisa Brown,OEA22,OEA2,Order Mgmt 
OEA22_3,Carl Blair,OEA22,OEA2,Order Mgmt 
OEA22_4,Jennifer White,OEA22,OEA2,Order Mgmt 
OEA22_5,Sara Walker,OEA22,OEA2,Order Mgmt 
OEA22_6,Alexandra Bird,OEA22,OEA2,Order Mgmt 
OEA22_7,Elizabeth Harper,OEA22,OEA2,Order Mgmt 
OEA22_8,Keith Chase,OEA22,OEA2,Order Mgmt 
OEA22_9,Stacey Jones,OEA22,OEA2,Order Mgmt 
OEA22_10,Robert Beard,OEA22,OEA2,Order Mgmt 
OEA22_11,Robert Williams,OEA22,OEA2,Order Mgmt 
OEA22_12,Sarah Neal,OEA22,OEA2,Order Mgmt 
OEA22_13,Kelly Rodriguez,OEA22,OEA2,Order Mgmt 
OEA22_14,John James,OEA22,OEA2,Order Mgmt 
OEA22_15,Beth Jones,OEA22,OEA2,Order Mgmt 
OEA22_16,Shelby Clark,OEA22,OEA2,Order Mgmt 
OEA22_17,Julie Miller,OEA22,OEA2,Order Mgmt 
OEA22_18,Renee Jackson,OEA22,OEA2,Order Mgmt 
OEA22_19,Cameron Garza,OEA22,OEA2,Order Mgmt 
OEA22_20,Bruce Johnson,OEA22,OEA2,Order Mgmt 
OEB1_1,Sharon Evans,OEB11,OEB1,Order Mgmt 
OEB1_2,Mary Bryan,OEB11,OEB1,Order Mgmt 
OEB1_3,Whitney Willis,OEB11,OEB1,Order Mgmt 
OEB1_4,Colton Steele,OEB11,OEB1,Order Mgmt 
OEB1_5,Marilyn Spencer,OEB11,OEB1,Order Mgmt 
OEB1_6,Gloria Miller,OEB11,OEB1,Order Mgmt 
OEB1_7,Michele Burgess,OEB11,OEB1,Order Mgmt 
OEB1_8,Veronica Mendoza,OEB11,OEB1,Order Mgmt 
OEB1_9,Patrick Shaw,OEB11,OEB1,Order Mgmt 
OEB1_10,Dawn May,OEB11,OEB1,Order Mgmt 
OEB1_11,Crystal Davis,OEB11,OEB1,Order Mgmt 
OEB1_12,Brian Lindsey,OEB11,OEB1,Order Mgmt 
OEB1_13,Teresa Taylor,OEB11,OEB1,Order Mgmt 
OEB1_14,Mitchell Davis,OEB11,OEB1,Order Mgmt 
OEB1_15,Annette Hill,OEB11,OEB1,Order Mgmt 
OEB1_16,Peter Myers,OEB11,OEB1,Order Mgmt 
OEB1_17,Donald Wilkins,OEB11,OEB1,Order Mgmt 
OEB1_18,Mary Byrd,OEB11,OEB1,Order Mgmt 
OEB1_19,Sonia Brown,OEB11,OEB1,Order Mgmt 
OEB1_20,Brenda Johnson,OEB11,OEB1,Order Mgmt 
OEB1_21,Jacob Turner,OEB11,OEB1,Order Mgmt 
OEB1_22,Cindy Carter,OEB11,OEB1,Order Mgmt 
OEB1_23,Dennis Bailey,OEB11,OEB1,Order Mgmt 
OEB1_24,Evan Mcdonald,OEB11,OEB1,Order Mgmt 
OEB1_25,Jacob Braun,OEB11,OEB1,Order Mgmt 
OEB1_26,Deborah Esparza,OEB11,OEB1,Order Mgmt 
OEB1_27,Amanda White,OEB11,OEB1,Order Mgmt 
OEB1_28,Rhonda Peterson,OEB11,OEB1,Order Mgmt 
OEB1_29,Jessica Hill,OEB11,OEB1,Order Mgmt 
OEB1_30,Jeffrey Owens,OEB11,OEB1,Order Mgmt 
OEB1_31,Katherine Wagner,OEB11,OEB1,Order Mgmt 
OEB1_32,Noah Smith,OEB11,OEB1,Order Mgmt 
OEB1_33,Jasmine Fischer,OEB11,OEB1,Order Mgmt 
OEB1_34,Richard Nguyen,OEB11,OEB1,Order Mgmt 
OEB1_35,Daniel Lopez,OEB11,OEB1,Order Mgmt 
OEB1_36,Julie Mathews,OEB11,OEB1,Order Mgmt 
OEB1_37,Briana Moody,OEB11,OEB1,Order Mgmt 
OEB1_38,Scott Torres,OEB11,OEB1,Order Mgmt 
OEB1_39,Henry Johnson,OEB11,OEB1,Order Mgmt 
OEB1_40,Carrie Hoffman,OEB11,OEB1,Order Mgmt 
OEB1_41,Michael Lawrence,OEB11,OEB1,Order Mgmt 
OEB1_42,Sandra Hall,OEB11,OEB1,Order Mgmt 
OEB1_43,Kelly Martin,OEB11,OEB1,Order Mgmt 
OEB1_44,Connor Simmons,OEB11,OEB1,Order Mgmt 
OEB1_45,Aaron Jones,OEB11,OEB1,Order Mgmt 
OEB1_46,Summer Curry,OEB11,OEB1,Order Mgmt 
OEB1_47,Tracy Crawford,OEB11,OEB1,Order Mgmt 
OEB1_48,Brandon Chen,OEB11,OEB1,Order Mgmt 
OEB1_49,Gregory Wells,OEB11,OEB1,Order Mgmt 
OEB1_50,Veronica Hines,OEB11,OEB1,Order Mgmt 
OEB12_1,Timothy Taylor,OEB12,OEB1,Order Mgmt 
OEB12_2,Robert Morales,OEB12,OEB1,Order Mgmt 
OEB12_3,John Reeves,OEB12,OEB1,Order Mgmt 
OEB12_4,Ashley Olson,OEB12,OEB1,Order Mgmt 
OEB12_5,Max Rodriguez,OEB12,OEB1,Order Mgmt 
OEB12_6,Beverly Ramirez,OEB12,OEB1,Order Mgmt 
OEB12_7,Melissa Lee,OEB12,OEB1,Order Mgmt 
OEB12_8,Donna Mooney,OEB12,OEB1,Order Mgmt 
OEB12_9,Mr. John Houston,OEB12,OEB1,Order Mgmt 
OEB12_10,Marissa Young,OEB12,OEB1,Order Mgmt 
OEB12_11,Leslie Adams,OEB12,OEB1,Order Mgmt 
OEB12_12,Chad Cook,OEB12,OEB1,Order Mgmt 
OEB12_13,Sonia Lamb,OEB12,OEB1,Order Mgmt 
OEB12_14,Dennis Smith,OEB12,OEB1,Order Mgmt 
OEB12_15,Rachel Welch,OEB12,OEB1,Order Mgmt 
OEB12_16,Eric Travis,OEB12,OEB1,Order Mgmt 
OEB12_17,Sean Myers,OEB12,OEB1,Order Mgmt 
OEB12_18,Wendy Mcintosh,OEB12,OEB1,Order Mgmt 
OEB12_19,Jonathan Mcclain MD,OEB12,OEB1,Order Mgmt 
OEB12_20,Julie Bennett,OEB12,OEB1,Order Mgmt 
OEB12_21,Manuel Torres,OEB12,OEB1,Order Mgmt 
OEB12_22,Tracy Harmon,OEB12,OEB1,Order Mgmt 
OEB12_23,Mark Taylor,OEB12,OEB1,Order Mgmt 
OEB12_24,Sergio Barker,OEB12,OEB1,Order Mgmt 
OEB12_25,Jennifer White,OEB12,OEB1,Order Mgmt 
OEB12_26,Daniel Sanchez MD,OEB12,OEB1,Order Mgmt 
OEB12_27,Hailey Thomas,OEB12,OEB1,Order Mgmt 
OEB12_28,Karen Espinoza,OEB12,OEB1,Order Mgmt 
OEB12_29,James Anderson,OEB12,OEB1,Order Mgmt 
OEB12_30,Tim Burke,OEB12,OEB1,Order Mgmt 
OEB13_1,Katherine Savage,OEB13,OEB1,Order Mgmt 
OEB13_2,Kimberly Martinez,OEB13,OEB1,Order Mgmt 
OEB13_3,Danielle Woods,OEB13,OEB1,Order Mgmt 
OEB13_4,Bradley Brown,OEB13,OEB1,Order Mgmt 
OEB13_5,Mario Leon,OEB13,OEB1,Order Mgmt 
OEB13_6,Dale Hernandez,OEB13,OEB1,Order Mgmt 
OEB13_7,Joseph Smith,OEB13,OEB1,Order Mgmt 
OEB13_8,Benjamin Soto,OEB13,OEB1,Order Mgmt 
OEB13_9,Jessica Roach DVM,OEB13,OEB1,Order Mgmt 
OEB13_10,Sara Byrd,OEB13,OEB1,Order Mgmt 
OEB13_11,Stanley Woods,OEB13,OEB1,Order Mgmt 
OEB13_12,Lisa Bailey,OEB13,OEB1,Order Mgmt 
OEB13_13,Lydia Edwards,OEB13,OEB1,Order Mgmt 
OEB13_14,Brandi Thomas,OEB13,OEB1,Order Mgmt 
OEB13_15,Jonathan Gilbert,OEB13,OEB1,Order Mgmt 
OEB13_16,Cheryl Thomas,OEB13,OEB1,Order Mgmt 
OEB13_17,Danielle Stuart,OEB13,OEB1,Order Mgmt 
OEC11_1,Mrs. Teresa Fleming,OEC11,OEC1,Client & Data Analytics
OEC11_2,Donna Jackson,OEC11,OEC1,Client & Data Analytics
OEC11_3,Jill Thomas,OEC11,OEC1,Client & Data Analytics
OEC11_4,Lisa Watson,OEC11,OEC1,Client & Data Analytics
OEC11_5,Elizabeth Bailey,OEC11,OEC1,Client & Data Analytics
OEC11_6,George Beltran,OEC11,OEC1,Client & Data Analytics
OEC11_7,Logan Parker,OEC11,OEC1,Client & Data Analytics
OEC11_8,Laura Atkinson,OEC11,OEC1,Client & Data Analytics
OEC11_9,Chelsea Evans,OEC11,OEC1,Client & Data Analytics
OEC11_10,Alicia Mckinney,OEC11,OEC1,Client & Data Analytics
OEC11_11,Shannon Thompson,OEC11,OEC1,Client & Data Analytics
OEC11_12,Gregg Singh,OEC11,OEC1,Client & Data Analytics
OEC11_13,Carrie Flynn,OEC11,OEC1,Client & Data Analytics
OEC11_14,Jessica Gonzales,OEC11,OEC1,Client & Data Analytics
OEC11_15,Stephen Allen,OEC11,OEC1,Client & Data Analytics
OEC11_16,Jamie Mcgee,OEC11,OEC1,Client & Data Analytics
OEC11_17,Angela King,OEC11,OEC1,Client & Data Analytics
OEC11_18,Heather Howard,OEC11,OEC1,Client & Data Analytics
OEC11_19,Eric Owens,OEC11,OEC1,Client & Data Analytics
OEC11_20,Philip Reeves,OEC11,OEC1,Client & Data Analytics
OEC11_21,Christine Gibbs,OEC11,OEC1,Client & Data Analytics
OEC11_22,Sherry Clark,OEC11,OEC1,Client & Data Analytics
OEC11_23,Zachary Gardner,OEC11,OEC1,Client & Data Analytics
OEC11_24,Kirsten Carroll,OEC11,OEC1,Client & Data Analytics
OEC11_25,Paige Lee,OEC11,OEC1,Client & Data Analytics
OEC11_26,Jasmin Farrell,OEC11,OEC1,Client & Data Analytics
OEC11_27,Mary Kim,OEC11,OEC1,Client & Data Analytics
OEC11_28,Michael Sawyer,OEC11,OEC1,Client & Data Analytics
OEC11_29,Darryl Wells,OEC11,OEC1,Client & Data Analytics
OEC11_30,Mr. Jeremiah Taylor,OEC11,OEC1,Client & Data Analytics
OEC12_1,Edwin Kim,OEC12,OEC1,Client & Data Analytics
OEC12_2,Jason Jones MD,OEC12,OEC1,Client & Data Analytics
OEC12_3,Brandon Gray,OEC12,OEC1,Client & Data Analytics
OEC12_4,Gerald Perry,OEC12,OEC1,Client & Data Analytics
OEC12_5,Nancy Whitaker,OEC12,OEC1,Client & Data Analytics
OEC12_6,Donna Garrison,OEC12,OEC1,Client & Data Analytics
OEC12_7,Darlene Taylor,OEC12,OEC1,Client & Data Analytics
OEC12_8,Mary Gibbs,OEC12,OEC1,Client & Data Analytics
OEC12_9,Nicholas Hall,OEC12,OEC1,Client & Data Analytics
OEC12_10,Jennifer Terrell,OEC12,OEC1,Client & Data Analytics
OEC12_11,Thomas Chan,OEC12,OEC1,Client & Data Analytics
OEC12_12,Eric Gallagher,OEC12,OEC1,Client & Data Analytics
OEC12_13,Tony Ramos,OEC12,OEC1,Client & Data Analytics
OEC12_14,Joshua Johns,OEC12,OEC1,Client & Data Analytics
OEC12_15,Raymond Smith,OEC12,OEC1,Client & Data Analytics
OEC12_16,Sierra Barker,OEC12,OEC1,Client & Data Analytics
OEC12_17,Thomas Allen,OEC12,OEC1,Client & Data Analytics
OEC12_18,Vanessa Sharp,OEC12,OEC1,Client & Data Analytics
OEC12_19,Jerry Garcia,OEC12,OEC1,Client & Data Analytics
OEC12_20,Barbara Duran,OEC12,OEC1,Client & Data Analytics
OEC12_21,Christina Rivera,OEC12,OEC1,Client & Data Analytics
OEC12_22,Jennifer Reese,OEC12,OEC1,Client & Data Analytics
OEC12_23,Amber Trevino,OEC12,OEC1,Client & Data Analytics
OEC12_24,Mckenzie Solis,OEC12,OEC1,Client & Data Analytics
OEC12_25,Kaitlyn Torres,OEC12,OEC1,Client & Data Analytics
OEC12_26,Keith Martin,OEC12,OEC1,Client & Data Analytics
OEC12_27,Tony Finley,OEC12,OEC1,Client & Data Analytics
OEC12_28,Amanda Gordon,OEC12,OEC1,Client & Data Analytics
OEC12_29,Donna Carrillo,OEC12,OEC1,Client & Data Analytics
OEC12_30,Mary Serrano,OEC12,OEC1,Client & Data Analytics
OEC13_1,Donna Dixon,OEC13,OEC1,Client & Data Analytics
OEC13_2,Terry Watson DVM,OEC13,OEC1,Client & Data Analytics
OEC13_3,Cindy Leon,OEC13,OEC1,Client & Data Analytics
OEC13_4,Kristina Taylor,OEC13,OEC1,Client & Data Analytics
OEC13_5,Marie Hatfield,OEC13,OEC1,Client & Data Analytics
OEC13_6,Samantha Shields,OEC13,OEC1,Client & Data Analytics
OEC13_7,James Flores,OEC13,OEC1,Client & Data Analytics
OEC13_8,Rachel Taylor,OEC13,OEC1,Client & Data Analytics
OEC13_9,Suzanne Mendoza,OEC13,OEC1,Client & Data Analytics
OEC13_10,Norman Clark,OEC13,OEC1,Client & Data Analytics
OEC13_11,Curtis Parker,OEC13,OEC1,Client & Data Analytics
OEC13_12,Michele Cunningham,OEC13,OEC1,Client & Data Analytics
OEC13_13,Casey Gill,OEC13,OEC1,Client & Data Analytics
OEC13_14,Angel Ruiz,OEC13,OEC1,Client & Data Analytics
OEC13_15,Anthony Boyd,OEC13,OEC1,Client & Data Analytics
OEC13_16,Timothy Brown,OEC13,OEC1,Client & Data Analytics
OEC13_17,Steven Harris,OEC13,OEC1,Client & Data Analytics
OEC13_18,Benjamin Perez,OEC13,OEC1,Client & Data Analytics
OEC13_19,Michelle Callahan,OEC13,OEC1,Client & Data Analytics
OEC13_20,Anthony May,OEC13,OEC1,Client & Data Analytics
OEC13_21,Elizabeth Snow,OEC13,OEC1,Client & Data Analytics
OEC13_22,Dana Manning,OEC13,OEC1,Client & Data Analytics
OEC13_23,Brandon Dalton,OEC13,OEC1,Client & Data Analytics
OEC13_24,Adrian Brown,OEC13,OEC1,Client & Data Analytics
OEC13_25,Adam Henderson,OEC13,OEC1,Client & Data Analytics
OEC13_26,Jamie Silva,OEC13,OEC1,Client & Data Analytics
OEC13_27,Cathy Bryant,OEC13,OEC1,Client & Data Analytics
OEC13_28,Judy Andrews,OEC13,OEC1,Client & Data Analytics
OEC13_29,Steven Holmes,OEC13,OEC1,Client & Data Analytics
OEC13_30,Justin Parker,OEC13,OEC1,Client & Data Analytics
OEC13_31,Andrea Parker,OEC13,OEC1,Client & Data Analytics
OEC13_32,Christian Choi,OEC13,OEC1,Client & Data Analytics
OEC13_33,Traci Hoffman,OEC13,OEC1,Client & Data Analytics
OEC13_34,Jessica Hunt,OEC13,OEC1,Client & Data Analytics
OEC13_35,Brittney Bell,OEC13,OEC1,Client & Data Analytics
OEC13_36,Shannon Jensen,OEC13,OEC1,Client & Data Analytics
OEC13_37,Nicole Harper,OEC13,OEC1,Client & Data Analytics
OEC13_38,Jason Hopkins,OEC13,OEC1,Client & Data Analytics
OEC13_39,Elizabeth Hutchinson,OEC13,OEC1,Client & Data Analytics
OEC21_1,Rachel Williams,OEC21,OEC2,Client & Data Analytics
OEC21_2,Martin Padilla,OEC21,OEC2,Client & Data Analytics
OEC21_3,Chad Hoffman,OEC21,OEC2,Client & Data Analytics
OEC21_4,Lisa Soto,OEC21,OEC2,Client & Data Analytics
OEC21_5,Shannon Taylor,OEC21,OEC2,Client & Data Analytics
OEC21_6,Jonathan Harrington,OEC21,OEC2,Client & Data Analytics
OEC21_7,Thomas Mills,OEC21,OEC2,Client & Data Analytics
OEC21_8,Sarah Perkins,OEC21,OEC2,Client & Data Analytics
OEC21_9,Dustin Potter,OEC21,OEC2,Client & Data Analytics
OEC21_10,Shirley Elliott,OEC21,OEC2,Client & Data Analytics
OEC21_11,Anne Paul,OEC21,OEC2,Client & Data Analytics
OEC21_12,Carl Davis,OEC21,OEC2,Client & Data Analytics
OEC21_13,Donald Bishop,OEC21,OEC2,Client & Data Analytics
OEC21_14,Jonathan Mccoy,OEC21,OEC2,Client & Data Analytics
OEC21_15,Dustin Daniels,OEC21,OEC2,Client & Data Analytics
OEC21_16,Maurice Oliver,OEC21,OEC2,Client & Data Analytics
OEC21_17,Jillian Walker,OEC21,OEC2,Client & Data Analytics
OEC21_18,Joseph Hanna,OEC21,OEC2,Client & Data Analytics
OEC21_19,Heidi Lindsey,OEC21,OEC2,Client & Data Analytics
OEC21_20,Robin Clark,OEC21,OEC2,Client & Data Analytics
OEC22_1,Michelle Wells,OEC22,OEC2,Client & Data Analytics
OEC22_2,Teresa Chapman,OEC22,OEC2,Client & Data Analytics
OEC22_3,Scott Myers,OEC22,OEC2,Client & Data Analytics
OEC22_4,Danielle Mckinney,OEC22,OEC2,Client & Data Analytics
OEC22_5,Robert Williams,OEC22,OEC2,Client & Data Analytics
OEC22_6,Tami Glover,OEC22,OEC2,Client & Data Analytics
OEC22_7,Seth Ali,OEC22,OEC2,Client & Data Analytics
OEC22_8,Susan Reed,OEC22,OEC2,Client & Data Analytics
OEC22_9,Rebecca Mcclain,OEC22,OEC2,Client & Data Analytics
OEC22_10,Willie Stark,OEC22,OEC2,Client & Data Analytics
OEC22_11,Nichole Tapia,OEC22,OEC2,Client & Data Analytics
OEC22_12,Sandy Valdez,OEC22,OEC2,Client & Data Analytics
OEC22_13,Shannon Williams,OEC22,OEC2,Client & Data Analytics
OEC22_14,Brooke Maxwell,OEC22,OEC2,Client & Data Analytics
OEC22_15,Dana Austin,OEC22,OEC2,Client & Data Analytics
OEC22_16,Deborah Bennett,OEC22,OEC2,Client & Data Analytics
OEC22_17,Lauren Reynolds,OEC22,OEC2,Client & Data Analytics
OEC22_18,Kayla Williams,OEC22,OEC2,Client & Data Analytics
OEC22_19,Marcus Johnson,OEC22,OEC2,Client & Data Analytics
OEC22_20,Veronica Thompson,OEC22,OEC2,Client & Data Analytics
OEC22_21,Angel Cook,OEC22,OEC2,Client & Data Analytics
OEC22_22,Michelle Santana,OEC22,OEC2,Client & Data Analytics
OEC22_23,Francisco Newton,OEC22,OEC2,Client & Data Analytics
OEC22_24,Debra Morgan,OEC22,OEC2,Client & Data Analytics
OEC22_25,Mary Hodge,OEC22,OEC2,Client & Data Analytics
OEC22_26,Kyle Cook,OEC22,OEC2,Client & Data Analytics
OEC22_27,Steven Webster,OEC22,OEC2,Client & Data Analytics
OEC22_28,Robin Walker,OEC22,OEC2,Client & Data Analytics
OEC22_29,Thomas Jackson,OEC22,OEC2,Client & Data Analytics
OEC22_30,Brandy Price,OEC22,OEC2,Client & Data Analytics
OEC23_1,Haley Mays,OEC23,OEC2,Client & Data Analytics
OEC23_2,Erika Brooks,OEC23,OEC2,Client & Data Analytics
OEC23_3,Christopher Diaz,OEC23,OEC2,Client & Data Analytics
OEC23_4,Todd Gardner,OEC23,OEC2,Client & Data Analytics
OEC23_5,Tiffany Sanchez,OEC23,OEC2,Client & Data Analytics
OEC23_6,Yvonne Torres,OEC23,OEC2,Client & Data Analytics
OEC23_7,Charles Carroll,OEC23,OEC2,Client & Data Analytics
OEC23_8,Maria Newman,OEC23,OEC2,Client & Data Analytics
OEC23_9,Valerie Moreno,OEC23,OEC2,Client & Data Analytics
OEC23_10,James Hale,OEC23,OEC2,Client & Data Analytics
OEC23_11,Robin Bullock,OEC23,OEC2,Client & Data Analytics
OEC23_12,Tiffany Wilkerson,OEC23,OEC2,Client & Data Analytics
OEC23_13,Cameron Salazar,OEC23,OEC2,Client & Data Analytics
OEC23_14,Jeremy Adams,OEC23,OEC2,Client & Data Analytics
OEC23_15,Denise Sanchez,OEC23,OEC2,Client & Data Analytics
OEC23_16,Mark Patel,OEC23,OEC2,Client & Data Analytics
OEC23_17,Philip Ward,OEC23,OEC2,Client & Data Analytics
OEC23_18,Andrew Williams,OEC23,OEC2,Client & Data Analytics
OEC23_19,Luis Clark,OEC23,OEC2,Client & Data Analytics
OEC23_20,Jason Mckenzie,OEC23,OEC2,Client & Data Analytics
OEC23_21,Jimmy Johnson,OEC23,OEC2,Client & Data Analytics
OEC23_22,Ruben Chandler,OEC23,OEC2,Client & Data Analytics
OEC23_23,Richard Wilson,OEC23,OEC2,Client & Data Analytics
OEC23_24,Jose Torres,OEC23,OEC2,Client & Data Analytics
OEC23_25,Maureen Jones,OEC23,OEC2,Client & Data Analytics
OEC23_26,Melinda Wong,OEC23,OEC2,Client & Data Analytics
OEC23_27,Justin Reynolds,OEC23,OEC2,Client & Data Analytics
OEC23_28,Michael Navarro,OEC23,OEC2,Client & Data Analytics
OEC23_29,James Morales,OEC23,OEC2,Client & Data Analytics
OEC23_30,Robert Roman,OEC23,OEC2,Client & Data Analytics
OEC23_31,Lauren Roman,OEC23,OEC2,Client & Data Analytics
OEC23_32,Mary Avery,OEC23,OEC2,Client & Data Analytics
OEC23_33,Teresa Spence,OEC23,OEC2,Client & Data Analytics
OEC23_34,Jamie Hayes,OEC23,OEC2,Client & Data Analytics
OEC23_35,Rebecca Bishop,OEC23,OEC2,Client & Data Analytics
OEC23_36,Matthew Erickson,OEC23,OEC2,Client & Data Analytics
OEC23_37,Frederick Nelson,OEC23,OEC2,Client & Data Analytics
OEC23_38,Matthew Adams,OEC23,OEC2,Client & Data Analytics
OEC23_39,Mary Gamble,OEC23,OEC2,Client & Data Analytics
OEC23_40,Michelle Kelly,OEC23,OEC2,Client & Data Analytics
OEC23_41,Mercedes Gregory,OEC23,OEC2,Client & Data Analytics
OEC23_42,Barbara Gardner,OEC23,OEC2,Client & Data Analytics
OEC23_43,John Benson,OEC23,OEC2,Client & Data Analytics
OEC23_44,Dawn Rivers,OEC23,OEC2,Client & Data Analytics
OEC23_45,Robert Lewis,OEC23,OEC2,Client & Data Analytics
OEC23_46,Jasmine Miller,OEC23,OEC2,Client & Data Analytics
OED 11_1,Jessica Myers,OED11,OED1,Client & Data Analytics
OED 11_2,Kelly Jensen,OED11,OED1,Client & Data Analytics
OED 11_3,Jennifer Marshall,OED11,OED1,Client & Data Analytics
OED 11_4,Austin Ford,OED11,OED1,Client & Data Analytics
OED 11_5,Stacey Boyle,OED11,OED1,Client & Data Analytics
OED 11_6,Kelly Hernandez,OED11,OED1,Client & Data Analytics
OED 11_7,Haley Rose,OED11,OED1,Client & Data Analytics
OED 11_8,Dr. Leslie Smith MD,OED11,OED1,Client & Data Analytics
OED 11_9,Mark Lee,OED11,OED1,Client & Data Analytics
OED 11_10,Joel Aguilar,OED11,OED1,Client & Data Analytics
OED 11_11,Kyle Martinez,OED11,OED1,Client & Data Analytics
OED 11_12,Dylan Moore,OED11,OED1,Client & Data Analytics
OED 11_13,Jennifer Ramirez,OED11,OED1,Client & Data Analytics
OED 11_14,Michael Jones,OED11,OED1,Client & Data Analytics
OED 11_15,Randall Turner PhD,OED11,OED1,Client & Data Analytics
OED 11_16,Seth Ramsey,OED11,OED1,Client & Data Analytics
OED 11_17,Carolyn Hayes,OED11,OED1,Client & Data Analytics
OED 11_18,James Villarreal,OED11,OED1,Client & Data Analytics
OED 11_19,Kimberly Gibson,OED11,OED1,Client & Data Analytics
OED 11_20,Brittany Flowers,OED11,OED1,Client & Data Analytics
OED 11_21,Alyssa Medina,OED11,OED1,Client & Data Analytics
OED 11_22,Robert Lopez,OED11,OED1,Client & Data Analytics
OED 11_23,Jacob Coleman,OED11,OED1,Client & Data Analytics
OED 11_24,Jennifer Floyd,OED11,OED1,Client & Data Analytics
OED 11_25,Ian Ramos,OED11,OED1,Client & Data Analytics
OED 11_26,Justin Moore,OED11,OED1,Client & Data Analytics
OED 11_27,Jennifer Wilson,OED11,OED1,Client & Data Analytics
OED 11_28,Kelly Trujillo,OED11,OED1,Client & Data Analytics
OED 11_29,Bobby Greer,OED11,OED1,Client & Data Analytics
OED 11_30,Rhonda Nelson,OED11,OED1,Client & Data Analytics
OED 11_31,Paul Wood,OED11,OED1,Client & Data Analytics
OED 11_32,Cynthia Williams,OED11,OED1,Client & Data Analytics
OED 11_33,John Brown,OED11,OED1,Client & Data Analytics
OED 12_1,Jessica Sandoval,OED12,OED1,Client & Data Analytics
OED 12_2,Nicole Smith,OED12,OED1,Client & Data Analytics
OED 12_3,Nicole Torres,OED12,OED1,Client & Data Analytics
OED 12_4,Donna Hall,OED12,OED1,Client & Data Analytics
OED 12_5,Amy Walker,OED12,OED1,Client & Data Analytics
OED 12_6,Brooke Reyes,OED12,OED1,Client & Data Analytics
OED 12_7,Larry Baird,OED12,OED1,Client & Data Analytics
OED 12_8,Diane Young,OED12,OED1,Client & Data Analytics
OED 12_9,Christopher Wright,OED12,OED1,Client & Data Analytics
OED 12_10,Alicia White,OED12,OED1,Client & Data Analytics
OED 12_11,Peter Cook,OED12,OED1,Client & Data Analytics
OED 12_12,Sandra Simpson,OED12,OED1,Client & Data Analytics
OED 12_13,Kyle Dickerson,OED12,OED1,Client & Data Analytics
OED 12_14,Jonathan Miranda,OED12,OED1,Client & Data Analytics
OED 12_15,Jessica Hall,OED12,OED1,Client & Data Analytics
OED 12_16,Amanda Melton,OED12,OED1,Client & Data Analytics
OED 12_17,Billy Aguilar,OED12,OED1,Client & Data Analytics
OED 12_18,Allison Klein,OED12,OED1,Client & Data Analytics
OED 12_19,Alexandra Lopez,OED12,OED1,Client & Data Analytics
OED 12_20,Rebecca Caldwell,OED12,OED1,Client & Data Analytics
OED 12_21,Michael Holmes,OED12,OED1,Client & Data Analytics
OED 12_22,Stephen Jackson,OED12,OED1,Client & Data Analytics
OED 12_23,Richard Harris,OED12,OED1,Client & Data Analytics
OED 12_24,Judy Henderson,OED12,OED1,Client & Data Analytics
OED 12_25,Lisa Bradley,OED12,OED1,Client & Data Analytics
OED 12_26,Linda Hoffman,OED12,OED1,Client & Data Analytics
OED 12_27,Joseph Kline,OED12,OED1,Client & Data Analytics
OED 12_28,Jeffrey Arnold,OED12,OED1,Client & Data Analytics
OED 12_29,Lori Shaw,OED12,OED1,Client & Data Analytics
OED 12_30,Charles Sanchez,OED12,OED1,Client & Data Analytics
OED 12_31,Kyle Thompson,OED12,OED1,Client & Data Analytics
OED 12_32,Amy Schmidt,OED12,OED1,Client & Data Analytics
OED 12_33,Jeffrey Chan,OED12,OED1,Client & Data Analytics
OED 13_1,Mrs. Erika Jones,OED13,OED1,Client & Data Analytics
OED 13_2,Edward Sullivan,OED13,OED1,Client & Data Analytics
OED 13_3,Gregory Jones,OED13,OED1,Client & Data Analytics
OED 13_4,Nicholas Wilkinson,OED13,OED1,Client & Data Analytics
OED 13_5,Michelle Copeland,OED13,OED1,Client & Data Analytics
OED 13_6,Jonathan Blake,OED13,OED1,Client & Data Analytics
OED 13_7,Douglas Durham,OED13,OED1,Client & Data Analytics
OED 13_8,Joshua Marks,OED13,OED1,Client & Data Analytics
OED 13_9,Ronald Turner,OED13,OED1,Client & Data Analytics
OED 13_10,Michael Banks,OED13,OED1,Client & Data Analytics
OED 13_11,Tara Hall,OED13,OED1,Client & Data Analytics
OED 13_12,Terri Rice,OED13,OED1,Client & Data Analytics
OED 13_13,Austin Johnson,OED13,OED1,Client & Data Analytics
OED 13_14,Amanda Riddle,OED13,OED1,Client & Data Analytics
OED 13_15,William Robertson,OED13,OED1,Client & Data Analytics
OED 13_16,Ariel Soto,OED13,OED1,Client & Data Analytics
OED 13_17,Jenna Maldonado,OED13,OED1,Client & Data Analytics
OED 13_18,Devin Jones V,OED13,OED1,Client & Data Analytics
OED 13_19,Shawn Fox,OED13,OED1,Client & Data Analytics
OED 13_20,Tyrone Miller,OED13,OED1,Client & Data Analytics
OED 13_21,Joshua Mccann,OED13,OED1,Client & Data Analytics
OED 13_22,David Wu,OED13,OED1,Client & Data Analytics
OED 13_23,Ryan Castro,OED13,OED1,Client & Data Analytics
OED 13_24,Ashley Matthews,OED13,OED1,Client & Data Analytics
OED 13_25,Charlene David,OED13,OED1,Client & Data Analytics
OED 13_26,Chelsea Snow,OED13,OED1,Client & Data Analytics
OED 13_27,Danielle West,OED13,OED1,Client & Data Analytics
OED 13_28,Donald Moore,OED13,OED1,Client & Data Analytics
OED 13_29,Haley Gonzales,OED13,OED1,Client & Data Analytics
OED 13_30,Thomas Gilbert,OED13,OED1,Client & Data Analytics
OED 13_31,Jeremy Lawrence,OED13,OED1,Client & Data Analytics
OED 13_32,Russell Hatfield,OED13,OED1,Client & Data Analytics
OED 13_33,Shane Duarte,OED13,OED1,Client & Data Analytics
OED 14_1,Victor Russell,OED14,OED1,Client & Data Analytics
OED 14_2,David Rivas,OED14,OED1,Client & Data Analytics
OED 14_3,Melissa Barry,OED14,OED1,Client & Data Analytics
OED 14_4,Joshua Jones Jr.,OED14,OED1,Client & Data Analytics
OED 14_5,Lisa Stuart,OED14,OED1,Client & Data Analytics
OED 14_6,Michael Burke,OED14,OED1,Client & Data Analytics
OED 14_7,Joseph Johnston,OED14,OED1,Client & Data Analytics
OED 14_8,Dennis Griffin,OED14,OED1,Client & Data Analytics
OED 14_9,Jeffrey White,OED14,OED1,Client & Data Analytics
OED 14_10,James Matthews,OED14,OED1,Client & Data Analytics
OED 14_11,William Irwin,OED14,OED1,Client & Data Analytics
OED 14_12,Megan Washington,OED14,OED1,Client & Data Analytics
OED 14_13,Tracey Young MD,OED14,OED1,Client & Data Analytics
OED 14_14,Jay Hudson,OED14,OED1,Client & Data Analytics
OED 14_15,Sandra Jackson,OED14,OED1,Client & Data Analytics
OED 14_16,Christine Mcfarland,OED14,OED1,Client & Data Analytics
OED 14_17,Diane Wright,OED14,OED1,Client & Data Analytics
OED 14_18,Denise Moore MD,OED14,OED1,Client & Data Analytics
OED 14_19,Jessica Carroll,OED14,OED1,Client & Data Analytics
OED 14_20,Crystal Atkinson,OED14,OED1,Client & Data Analytics
OED 14_21,Heather Hayes,OED14,OED1,Client & Data Analytics
OED 14_22,Katelyn Perkins,OED14,OED1,Client & Data Analytics
OED 14_23,Shawn Miller,OED14,OED1,Client & Data Analytics
OED 14_24,Jordan Christensen,OED14,OED1,Client & Data Analytics
OED 14_25,Amber Moore,OED14,OED1,Client & Data Analytics
OED 14_26,Brandon Taylor,OED14,OED1,Client & Data Analytics
OED 14_27,Grant Sanchez,OED14,OED1,Client & Data Analytics
OED 14_28,Robert Cortez,OED14,OED1,Client & Data Analytics
OED 14_29,Bridget Parrish,OED14,OED1,Client & Data Analytics
OED 14_30,James Rich,OED14,OED1,Client & Data Analytics
OED 14_31,Donna Stevenson,OED14,OED1,Client & Data Analytics
OED 14_32,Thomas Wade,OED14,OED1,Client & Data Analytics
OED 14_33,Kevin Castillo,OED14,OED1,Client & Data Analytics
OED 21_1,Brandon Torres,OED21,OED2,Client & Data Analytics
OED 21_2,Joshua Brown,OED21,OED2,Client & Data Analytics
OED 21_3,Justin Haas,OED21,OED2,Client & Data Analytics
OED 21_4,Andrew Johnson,OED21,OED2,Client & Data Analytics
OED 21_5,Nathan Greene,OED21,OED2,Client & Data Analytics
OED 21_6,Stephanie Wright,OED21,OED2,Client & Data Analytics
OED 21_7,Jordan Sanchez,OED21,OED2,Client & Data Analytics
OED 21_8,Jose Mcgee,OED21,OED2,Client & Data Analytics
OED 21_9,Michael Humphrey,OED21,OED2,Client & Data Analytics
OED 21_10,Elizabeth Kirby,OED21,OED2,Client & Data Analytics
OED 21_11,Darren White,OED21,OED2,Client & Data Analytics
OED 21_12,Jennifer Thompson,OED21,OED2,Client & Data Analytics
OED 21_13,Cassandra Phillips,OED21,OED2,Client & Data Analytics
OED 21_14,Christopher Maddox,OED21,OED2,Client & Data Analytics
OED 21_15,Kelly Ramos,OED21,OED2,Client & Data Analytics
OED 21_16,Jorge Martin,OED21,OED2,Client & Data Analytics
OED 21_17,Robin Franklin,OED21,OED2,Client & Data Analytics
OED 21_18,James Mccann,OED21,OED2,Client & Data Analytics
OED 21_19,Kimberly Cline,OED21,OED2,Client & Data Analytics
OED 21_20,Michael Oconnor,OED21,OED2,Client & Data Analytics
OED 21_21,Sue Powell,OED21,OED2,Client & Data Analytics
OED 21_22,Robert Glenn,OED21,OED2,Client & Data Analytics
OED 21_23,Michael Ross,OED21,OED2,Client & Data Analytics
OED 21_24,Michelle Campbell,OED21,OED2,Client & Data Analytics
OED 21_25,Erin Swanson,OED21,OED2,Client & Data Analytics
OED 21_26,Jared Young,OED21,OED2,Client & Data Analytics
OED 21_27,Dawn Lang,OED21,OED2,Client & Data Analytics
OED 21_28,Kevin Woods,OED21,OED2,Client & Data Analytics
OED 21_29,Jeffrey Cantrell,OED21,OED2,Client & Data Analytics
OED 21_30,Alison Phillips,OED21,OED2,Client & Data Analytics
OED 21_31,Adam Solis,OED21,OED2,Client & Data Analytics
OED 21_32,Nicole Adams,OED21,OED2,Client & Data Analytics
OED 21_33,William Beard,OED21,OED2,Client & Data Analytics
OED 22_1,Stephen Johnston,OED22,OED2,Client & Data Analytics
OED 22_2,Brian Martinez,OED22,OED2,Client & Data Analytics
OED 22_3,Elaine Rodriguez,OED22,OED2,Client & Data Analytics
OED 22_4,Deborah Ferguson,OED22,OED2,Client & Data Analytics
OED 22_5,Mindy Hobbs,OED22,OED2,Client & Data Analytics
OED 22_6,Stephen Levine,OED22,OED2,Client & Data Analytics
OED 22_7,Tim Cox,OED22,OED2,Client & Data Analytics
OED 22_8,Kyle Stanton,OED22,OED2,Client & Data Analytics
OED 22_9,Kimberly Chen,OED22,OED2,Client & Data Analytics
OED 22_10,Judy Carter,OED22,OED2,Client & Data Analytics
OED 22_11,Mrs. Lauren Murray DDS,OED22,OED2,Client & Data Analytics
OED 22_12,Samantha Vega,OED22,OED2,Client & Data Analytics
OED 22_13,Corey Carter,OED22,OED2,Client & Data Analytics
OED 22_14,James Perkins,OED22,OED2,Client & Data Analytics
OED 22_15,Derrick Lane,OED22,OED2,Client & Data Analytics
OED 22_16,Natasha Boyd,OED22,OED2,Client & Data Analytics
OED 22_17,Lauren Oconnor,OED22,OED2,Client & Data Analytics
OED 22_18,Philip Perkins,OED22,OED2,Client & Data Analytics
OED 22_19,Paula Baldwin,OED22,OED2,Client & Data Analytics
OED 22_20,Jeffrey Murphy,OED22,OED2,Client & Data Analytics
OED 22_21,James Henderson,OED22,OED2,Client & Data Analytics
OED 22_22,Sara Jones,OED22,OED2,Client & Data Analytics
OED 22_23,Susan Wilson,OED22,OED2,Client & Data Analytics
OED 22_24,Alec Hamilton,OED22,OED2,Client & Data Analytics
OED 22_25,Sara Tran,OED22,OED2,Client & Data Analytics
OED 22_26,Jessica Hernandez,OED22,OED2,Client & Data Analytics
OED 22_27,Amanda Smith,OED22,OED2,Client & Data Analytics
OED 22_28,Michael Strickland,OED22,OED2,Client & Data Analytics
OED 22_29,Alexis Williams,OED22,OED2,Client & Data Analytics
OED 22_30,Donald Berg,OED22,OED2,Client & Data Analytics
OED 22_31,Adam Brown,OED22,OED2,Client & Data Analytics
OED 22_32,Michelle Anderson,OED22,OED2,Client & Data Analytics
OED 22_33,Nicholas Espinoza,OED22,OED2,Client & Data Analytics
OED 23_1,Joshua Mcclure,OED23,OED2,Client & Data Analytics
OED 23_2,Garrett Clark,OED23,OED2,Client & Data Analytics
OED 23_3,Benjamin Romero,OED23,OED2,Client & Data Analytics
OED 23_4,Kenneth Strong,OED23,OED2,Client & Data Analytics
OED 23_5,Gordon Miles,OED23,OED2,Client & Data Analytics
OED 23_6,Sandra Ellison,OED23,OED2,Client & Data Analytics
OED 23_7,Ian Juarez,OED23,OED2,Client & Data Analytics
OED 23_8,Laura Copeland,OED23,OED2,Client & Data Analytics
OED 23_9,Timothy Tran,OED23,OED2,Client & Data Analytics
OED 23_10,Christopher Merritt,OED23,OED2,Client & Data Analytics
OED 23_11,Brandy Murphy,OED23,OED2,Client & Data Analytics
OED 23_12,Julie Hopkins,OED23,OED2,Client & Data Analytics
OED 23_13,Claire Serrano,OED23,OED2,Client & Data Analytics
OED 23_14,John Gibson,OED23,OED2,Client & Data Analytics
OED 23_15,John Holmes,OED23,OED2,Client & Data Analytics
OED 23_16,Mackenzie Schneider,OED23,OED2,Client & Data Analytics
OED 23_17,Heidi Buckley,OED23,OED2,Client & Data Analytics
OED 23_18,Paul Mcdowell,OED23,OED2,Client & Data Analytics
OED 23_19,Victoria Fry DDS,OED23,OED2,Client & Data Analytics
OED 23_20,Brent Erickson,OED23,OED2,Client & Data Analytics
OED 23_21,Frank Lang,OED23,OED2,Client & Data Analytics
OED 23_22,Brian Brown,OED23,OED2,Client & Data Analytics
OED 23_23,Kim Ryan,OED23,OED2,Client & Data Analytics
OED 23_24,Alyssa Hale,OED23,OED2,Client & Data Analytics
OED 23_25,Jason Gonzales,OED23,OED2,Client & Data Analytics
OED 23_26,Jennifer Lee,OED23,OED2,Client & Data Analytics
OED 23_27,Joann Coleman,OED23,OED2,Client & Data Analytics
OED 23_28,Lisa Williams,OED23,OED2,Client & Data Analytics
OED 23_29,Dominique Hinton,OED23,OED2,Client & Data Analytics
OED 23_30,David Choi,OED23,OED2,Client & Data Analytics
OED 23_31,Albert Soto,OED23,OED2,Client & Data Analytics
OED 23_32,Nicole Gibson,OED23,OED2,Client & Data Analytics
OED 23_33,Ronnie Jenkins,OED23,OED2,Client & Data Analytics
OED 31_1,Morgan Avery,OED31,OED3,Client & Data Analytics
OED 31_2,Nicholas Vega,OED31,OED3,Client & Data Analytics
OED 31_3,Deanna Scott,OED31,OED3,Client & Data Analytics
OED 31_4,Carrie Roberts,OED31,OED3,Client & Data Analytics
OED 31_5,Charles George,OED31,OED3,Client & Data Analytics
OED 31_6,Michael Bell,OED31,OED3,Client & Data Analytics
OED 31_7,Michelle Jones,OED31,OED3,Client & Data Analytics
OED 31_8,Mary Chambers,OED31,OED3,Client & Data Analytics
OED 31_9,Jeffrey Walters,OED31,OED3,Client & Data Analytics
OED 31_10,Tamara Orozco,OED31,OED3,Client & Data Analytics
OED 31_11,Jessica Gutierrez,OED31,OED3,Client & Data Analytics
OED 31_12,Timothy Shields,OED31,OED3,Client & Data Analytics
OED 31_13,David Taylor,OED31,OED3,Client & Data Analytics
OED 31_14,Ruben Craig,OED31,OED3,Client & Data Analytics
OED 31_15,Patrick White,OED31,OED3,Client & Data Analytics
OED 31_16,Kimberly Gibbs,OED31,OED3,Client & Data Analytics
OED 31_17,Jamie Ramirez,OED31,OED3,Client & Data Analytics
OED 31_18,David Walls,OED31,OED3,Client & Data Analytics
OED 31_19,Craig Gomez,OED31,OED3,Client & Data Analytics
OED 31_20,Bryce Sims,OED31,OED3,Client & Data Analytics
OED 31_21,Michael Richmond,OED31,OED3,Client & Data Analytics
OED 31_22,Tiffany Moore,OED31,OED3,Client & Data Analytics
OED 31_23,Matthew Serrano,OED31,OED3,Client & Data Analytics
OED 31_24,Michelle Carter,OED31,OED3,Client & Data Analytics
OED 31_25,Annette Brown,OED31,OED3,Client & Data Analytics
OED 31_26,Jeffrey Dixon,OED31,OED3,Client & Data Analytics
OED 31_27,Margaret Mccann,OED31,OED3,Client & Data Analytics
OED 31_28,Glenda Long,OED31,OED3,Client & Data Analytics
OED 31_29,Sara Pearson,OED31,OED3,Client & Data Analytics
OED 31_30,Lisa Barton,OED31,OED3,Client & Data Analytics
OED 31_31,Sydney Short,OED31,OED3,Client & Data Analytics
OED 31_32,John Rodriguez,OED31,OED3,Client & Data Analytics
OED 32_1,Ronald Bush,OED32,OED3,Client & Data Analytics
OED 32_2,Marie Zimmerman,OED32,OED3,Client & Data Analytics
OED 32_3,Brandon Shaw,OED32,OED3,Client & Data Analytics
OED 32_4,Rebecca Davis,OED32,OED3,Client & Data Analytics
OED 32_5,Maria Newman,OED32,OED3,Client & Data Analytics
OED 32_6,Wanda Ford,OED32,OED3,Client & Data Analytics
OED 32_7,Nicholas Dixon,OED32,OED3,Client & Data Analytics
OED 32_8,Rhonda West,OED32,OED3,Client & Data Analytics
OED 32_9,Julie Faulkner,OED32,OED3,Client & Data Analytics
OED 32_10,Zachary Sawyer,OED32,OED3,Client & Data Analytics
OED 32_11,Christopher Pope,OED32,OED3,Client & Data Analytics
OED 32_12,Raymond Rosario,OED32,OED3,Client & Data Analytics
OED 32_13,Robert Diaz,OED32,OED3,Client & Data Analytics
OED 32_14,Linda Pace,OED32,OED3,Client & Data Analytics
OED 32_15,Katelyn Jones,OED32,OED3,Client & Data Analytics
OED 32_16,Sergio Sanders,OED32,OED3,Client & Data Analytics
OED 32_17,John Hughes,OED32,OED3,Client & Data Analytics
OED 32_18,Gina Morgan,OED32,OED3,Client & Data Analytics
OED 32_19,Heather Walker,OED32,OED3,Client & Data Analytics
OED 32_20,Ernest Knight,OED32,OED3,Client & Data Analytics
OED 32_21,Dana Garcia,OED32,OED3,Client & Data Analytics
OED 32_22,Donna Gray,OED32,OED3,Client & Data Analytics
OED 32_23,Nicole Ortiz,OED32,OED3,Client & Data Analytics
OED 32_24,Louis Johnson,OED32,OED3,Client & Data Analytics
OED 32_25,John Li Jr.,OED32,OED3,Client & Data Analytics
OEE 11_1,Emily Kramer,OEE11,OEE1,Business Analysis
OEE 11_2,Ryan Kennedy,OEE11,OEE1,Business Analysis
OEE 11_3,Ronald Powell,OEE11,OEE1,Business Analysis
OEE 11_4,Melanie Calhoun,OEE11,OEE1,Business Analysis
OEE 11_5,Johnny Henderson,OEE11,OEE1,Business Analysis
OEE 11_6,Scott Fleming,OEE11,OEE1,Business Analysis
OEE 11_7,Marissa Moore,OEE11,OEE1,Business Analysis
OEE 11_8,Brenda Jones,OEE11,OEE1,Business Analysis
OEE 11_9,Christopher Miller,OEE11,OEE1,Business Analysis
OEE 11_10,Deborah Roach,OEE11,OEE1,Business Analysis
OEE 11_11,Joseph Lewis,OEE11,OEE1,Business Analysis
OEE 11_12,William Stafford,OEE11,OEE1,Business Analysis
OEE 11_13,Jeffrey Butler,OEE11,OEE1,Business Analysis
OEE 11_14,Tyler Meyer,OEE11,OEE1,Business Analysis
OEE 11_15,Mr. William Summers II,OEE11,OEE1,Business Analysis
OEE 11_16,Mindy Herman,OEE11,OEE1,Business Analysis
OEE 11_17,Linda Meyer,OEE11,OEE1,Business Analysis
OEE 11_18,Tracy Williams,OEE11,OEE1,Business Analysis
OEE 11_19,Stephanie Nixon,OEE11,OEE1,Business Analysis
OEE 11_20,Nicholas Dominguez,OEE11,OEE1,Business Analysis
OEE 11_21,Jason Coffey,OEE11,OEE1,Business Analysis
OEE 11_22,Linda Peters,OEE11,OEE1,Business Analysis
OEE 11_23,Brittany Hubbard,OEE11,OEE1,Business Analysis
OEE 11_24,Stephanie Gutierrez,OEE11,OEE1,Business Analysis
OEE 11_25,Jennifer Graham,OEE11,OEE1,Business Analysis
OEE 11_26,Jamie Jennings,OEE11,OEE1,Business Analysis
OEE 11_27,Debbie Campbell,OEE11,OEE1,Business Analysis
OEE 11_28,Kyle Duncan,OEE11,OEE1,Business Analysis
OEE 11_29,Troy Mitchell,OEE11,OEE1,Business Analysis
OEE 11_30,Brian Brown,OEE11,OEE1,Business Analysis
OEE 11_31,Marcus Hernandez,OEE11,OEE1,Business Analysis
OEE 11_32,Christy Tucker,OEE11,OEE1,Business Analysis
OEE 11_33,Virginia Love,OEE11,OEE1,Business Analysis
OEE 12_1,Matthew Henry,OEE12,OEE1,Business Analysis
OEE 12_2,Gabriel Miller Jr.,OEE12,OEE1,Business Analysis
OEE 12_3,Catherine Williams,OEE12,OEE1,Business Analysis
OEE 12_4,Eileen Mitchell,OEE12,OEE1,Business Analysis
OEE 12_5,Jennifer Ellis,OEE12,OEE1,Business Analysis
OEE 12_6,Crystal Hayes,OEE12,OEE1,Business Analysis
OEE 12_7,Lindsey Barnett,OEE12,OEE1,Business Analysis
OEE 12_8,James Russell,OEE12,OEE1,Business Analysis
OEE 12_9,Michelle Hall,OEE12,OEE1,Business Analysis
OEE 12_10,Garrett Cooper,OEE12,OEE1,Business Analysis
OEE 12_11,Dennis Henderson,OEE12,OEE1,Business Analysis
OEE 12_12,Hannah Hess,OEE12,OEE1,Business Analysis
OEE 12_13,Daniel Lee,OEE12,OEE1,Business Analysis
OEE 12_14,David Marsh,OEE12,OEE1,Business Analysis
OEE 12_15,Wyatt Smith,OEE12,OEE1,Business Analysis
OEE 12_16,Bryan Wood,OEE12,OEE1,Business Analysis
OEE 12_17,James Glover,OEE12,OEE1,Business Analysis
OEE 12_18,Hannah Johnson,OEE12,OEE1,Business Analysis
OEE 12_19,Timothy Brown,OEE12,OEE1,Business Analysis
OEE 12_20,Martin Williams,OEE12,OEE1,Business Analysis
OEE 12_21,Ronald Parks,OEE12,OEE1,Business Analysis
OEE 12_22,Amanda Davis,OEE12,OEE1,Business Analysis
OEE 12_23,Marissa Sanchez,OEE12,OEE1,Business Analysis
OEE 12_24,Edwin Wilson,OEE12,OEE1,Business Analysis
OEE 12_25,Nicholas Humphrey,OEE12,OEE1,Business Analysis
OEE 12_26,Amber Barron,OEE12,OEE1,Business Analysis
OEE 12_27,Derek Navarro,OEE12,OEE1,Business Analysis
OEE 12_28,Meghan Davis,OEE12,OEE1,Business Analysis
OEE 12_29,Alexander Richards,OEE12,OEE1,Business Analysis
OEE 12_30,Joan Morris,OEE12,OEE1,Business Analysis
OEE 13_1,Jeffrey Graham,OEE13,OEE1,Business Analysis
OEE 13_2,Scott Carpenter,OEE13,OEE1,Business Analysis
OEE 13_3,Christina Smith,OEE13,OEE1,Business Analysis
OEE 13_4,Cynthia Dennis,OEE13,OEE1,Business Analysis
OEE 13_5,Michael Martin,OEE13,OEE1,Business Analysis
OEE 13_6,Melanie Scott,OEE13,OEE1,Business Analysis
OEE 13_7,Sheila Pope,OEE13,OEE1,Business Analysis
OEE 13_8,James Schmidt,OEE13,OEE1,Business Analysis
OEE 13_9,Michael Jenkins,OEE13,OEE1,Business Analysis
OEE 13_10,James Turner,OEE13,OEE1,Business Analysis
OEE 13_11,Robert Day,OEE13,OEE1,Business Analysis
OEE 13_12,Cody Gutierrez,OEE13,OEE1,Business Analysis
OEE 13_13,Emily Rogers,OEE13,OEE1,Business Analysis
OEE 13_14,Lorraine Ashley,OEE13,OEE1,Business Analysis
OEE 13_15,Adam Anderson,OEE13,OEE1,Business Analysis
OEE 13_16,Michael Mckay,OEE13,OEE1,Business Analysis
OEE 13_17,Cindy Brooks,OEE13,OEE1,Business Analysis
OEE 13_18,Melinda Ramsey,OEE13,OEE1,Business Analysis
OEE 13_19,Christopher Garcia,OEE13,OEE1,Business Analysis
OEE 13_20,Linda Gray,OEE13,OEE1,Business Analysis
OEE 13_21,Daniel Pruitt,OEE13,OEE1,Business Analysis
OEE 13_22,Jacob Bryant,OEE13,OEE1,Business Analysis
OEE 13_23,John Woods,OEE13,OEE1,Business Analysis
OEE 13_24,Sydney Taylor,OEE13,OEE1,Business Analysis
OEE 13_25,Blake Torres,OEE13,OEE1,Business Analysis
OEE 13_26,Julie Wall,OEE13,OEE1,Business Analysis
OEE 13_27,Adam Crosby,OEE13,OEE1,Business Analysis
OEE 13_28,Danny Brown,OEE13,OEE1,Business Analysis
OEE 13_29,Justin Fernandez,OEE13,OEE1,Business Analysis
OEE 13_30,Hector Ochoa,OEE13,OEE1,Business Analysis
OEE 13_31,Jorge Romero,OEE13,OEE1,Business Analysis
OEE 13_32,Catherine Brown,OEE13,OEE1,Business Analysis
OEE 13_33,Samantha Morales,OEE13,OEE1,Business Analysis
OEE 13_34,Nicholas Everett,OEE13,OEE1,Business Analysis
OEE 13_35,Sean Gutierrez,OEE13,OEE1,Business Analysis
OEE 13_36,Natalie Hammond,OEE13,OEE1,Business Analysis
OEE 14_1,Alfred Velasquez,OEE14,OEE1,Business Analysis
OEE 14_2,Lisa Rubio,OEE14,OEE1,Business Analysis
OEE 14_3,Jonathan Perry,OEE14,OEE1,Business Analysis
OEE 14_4,Anna Bates,OEE14,OEE1,Business Analysis
OEE 14_5,Brandon Dyer,OEE14,OEE1,Business Analysis
OEE 14_6,Nicole Rice,OEE14,OEE1,Business Analysis
OEE 14_7,Thomas Marquez,OEE14,OEE1,Business Analysis
OEE 14_8,Robin Robertson,OEE14,OEE1,Business Analysis
OEE 14_9,Melissa Randolph,OEE14,OEE1,Business Analysis
OEE 14_10,Kristina Thompson,OEE14,OEE1,Business Analysis
OEE 14_11,Brandon Hart,OEE14,OEE1,Business Analysis
OEE 14_12,Cindy Thompson,OEE14,OEE1,Business Analysis
OEE 14_13,David Lopez,OEE14,OEE1,Business Analysis
OEE 14_14,Patrick Davis,OEE14,OEE1,Business Analysis
OEE 14_15,Nicole Warner,OEE14,OEE1,Business Analysis
OEE 14_16,Julie Murillo,OEE14,OEE1,Business Analysis
OEE 14_17,Luis Larsen,OEE14,OEE1,Business Analysis
OEE 14_18,Rebecca Cook,OEE14,OEE1,Business Analysis
OEE 14_19,Sharon Peterson,OEE14,OEE1,Business Analysis
OEE 14_20,Brittany Andrade,OEE14,OEE1,Business Analysis
OEE 14_21,James Herman,OEE14,OEE1,Business Analysis
OEE 14_22,Ashley Sanchez,OEE14,OEE1,Business Analysis
OEE 14_23,Kyle Sutton,OEE14,OEE1,Business Analysis
OEE 14_24,Ryan Gallagher,OEE14,OEE1,Business Analysis
OEE 14_25,Aimee Weaver,OEE14,OEE1,Business Analysis
OEE 14_26,John Harris,OEE14,OEE1,Business Analysis
OEE 14_27,Rebecca Wong,OEE14,OEE1,Business Analysis
OEE 14_28,Monica Hall,OEE14,OEE1,Business Analysis
OEE 14_29,Joshua Booker,OEE14,OEE1,Business Analysis
OEE 14_30,Julie Underwood,OEE14,OEE1,Business Analysis
OEE 14_31,Kenneth Jones,OEE14,OEE1,Business Analysis
OEE 14_32,Patricia Dalton,OEE14,OEE1,Business Analysis
OEE 14_33,James Barrera,OEE14,OEE1,Business Analysis
OEE 15_1,Julia Lynch,OEE15,OEE1,Business Analysis
OEE 15_2,Erica Morgan,OEE15,OEE1,Business Analysis
OEE 15_3,Laura Mckee,OEE15,OEE1,Business Analysis
OEE 15_4,Anna Kelly,OEE15,OEE1,Business Analysis
OEE 15_5,Haley Gonzalez,OEE15,OEE1,Business Analysis
OEE 15_6,Tracey Garcia,OEE15,OEE1,Business Analysis
OEE 15_7,Raymond Johnston,OEE15,OEE1,Business Analysis
OEE 15_8,Kathleen Velazquez,OEE15,OEE1,Business Analysis
OEE 15_9,Colin Owens,OEE15,OEE1,Business Analysis
OEE 15_10,Scott Bridges,OEE15,OEE1,Business Analysis
OEE 15_11,William Morris,OEE15,OEE1,Business Analysis
OEE 15_12,Nina Hunter,OEE15,OEE1,Business Analysis
OEE 15_13,Angel Ray,OEE15,OEE1,Business Analysis
OEE 15_14,Hannah Mccormick,OEE15,OEE1,Business Analysis
OEE 15_15,Thomas Kelly,OEE15,OEE1,Business Analysis
OEE 15_16,Mr. Jeremy Hogan,OEE15,OEE1,Business Analysis
OEE 15_17,Anna Howard,OEE15,OEE1,Business Analysis
OEE 15_18,Heidi Bowen,OEE15,OEE1,Business Analysis
OEE 15_19,Paul Powell,OEE15,OEE1,Business Analysis
OEE 15_20,David Bailey,OEE15,OEE1,Business Analysis
OEE 15_21,Gabriel Wade,OEE15,OEE1,Business Analysis
OEE 15_22,Ashley Caldwell,OEE15,OEE1,Business Analysis
OEE 15_23,Brandon Gomez,OEE15,OEE1,Business Analysis
OEE 15_24,Adam Smith,OEE15,OEE1,Business Analysis
OEE 15_25,Linda Ibarra,OEE15,OEE1,Business Analysis
OEE 15_26,Dawn Merritt,OEE15,OEE1,Business Analysis
OEE 15_27,Andrew Rodriguez,OEE15,OEE1,Business Analysis
OEE 15_28,Carrie Lucas,OEE15,OEE1,Business Analysis
OEE 15_29,Katie Jones,OEE15,OEE1,Business Analysis
OEE 15_30,Anthony Coleman,OEE15,OEE1,Business Analysis
OEE 15_31,Sarah Smith,OEE15,OEE1,Business Analysis
OEE 15_32,Sarah Davis,OEE15,OEE1,Business Analysis
OEE 15_33,Lisa Everett,OEE15,OEE1,Business Analysis
OEE 21_1,James Franklin,OEE21,OEE2,Business Analysis
OEE 21_2,Carol Woods,OEE21,OEE2,Business Analysis
OEE 21_3,Karen Barnes,OEE21,OEE2,Business Analysis
OEE 21_4,David Brown,OEE21,OEE2,Business Analysis
OEE 21_5,Steven Smith,OEE21,OEE2,Business Analysis
OEE 21_6,Ashley Richardson,OEE21,OEE2,Business Analysis
OEE 21_7,Michael Martinez,OEE21,OEE2,Business Analysis
OEE 21_8,Tammie Armstrong,OEE21,OEE2,Business Analysis
OEE 21_9,Alexandra Cross,OEE21,OEE2,Business Analysis
OEE 21_10,Janet Montoya,OEE21,OEE2,Business Analysis
OEE 21_11,Frank Crawford,OEE21,OEE2,Business Analysis
OEE 21_12,Autumn Elliott,OEE21,OEE2,Business Analysis
OEE 21_13,Amanda James,OEE21,OEE2,Business Analysis
OEE 21_14,Patricia Gonzalez,OEE21,OEE2,Business Analysis
OEE 21_15,Mr. Lawrence Jones,OEE21,OEE2,Business Analysis
OEE 21_16,James Scott,OEE21,OEE2,Business Analysis
OEE 21_17,Brandon Dunn,OEE21,OEE2,Business Analysis
OEE 21_18,Kathleen Hall,OEE21,OEE2,Business Analysis
OEE 21_19,James Chen,OEE21,OEE2,Business Analysis
OEE 21_20,Matthew Chavez,OEE21,OEE2,Business Analysis
OEE 21_21,Joseph Mills,OEE21,OEE2,Business Analysis
OEE 21_22,Elizabeth Gonzales,OEE21,OEE2,Business Analysis
OEE 21_23,Walter Jones,OEE21,OEE2,Business Analysis
OEE 21_24,Shane Huynh,OEE21,OEE2,Business Analysis
OEE 21_25,Michael Brown,OEE21,OEE2,Business Analysis
OEE 21_26,Andrew Jackson,OEE21,OEE2,Business Analysis
OEE 21_27,Christopher Price,OEE21,OEE2,Business Analysis
OEE 21_28,Rachael Delgado,OEE21,OEE2,Business Analysis
OEE 21_29,Sara Smith,OEE21,OEE2,Business Analysis
OEE 21_30,Taylor Bernard,OEE21,OEE2,Business Analysis
OEE 21_31,Monique Mathews,OEE21,OEE2,Business Analysis
OEE 21_32,Jason Sanders,OEE21,OEE2,Business Analysis
OEE 21_33,Natasha Lopez,OEE21,OEE2,Business Analysis
OEE 21_34,Zachary Shepard,OEE21,OEE2,Business Analysis
OEE 21_35,Emily Evans,OEE21,OEE2,Business Analysis
OEE 21_36,Melissa Weaver,OEE21,OEE2,Business Analysis
OEE 21_37,Paula Deleon,OEE21,OEE2,Business Analysis
OEE 21_38,Cynthia Wright,OEE21,OEE2,Business Analysis
OEE 21_39,Jordan Anderson,OEE21,OEE2,Business Analysis
OEE 21_40,Marie Carter,OEE21,OEE2,Business Analysis
