,Parent,Child,Allocated,Emp_OE_Code,Manager_OE_Code,Manager_Dept,Emp_ID,floor,wing,seat_no
0,,EON2,Not Applicable,Not Applicable,,,,EO,N,2
1,EON2,L1,Not Applicable,Not Applicable,,,,,,
2,EON2,L2,Not Applicable,Not Applicable,,,,,,
3,EON2,L3,Not Applicable,Not Applicable,,,,,,
4,EON2,L4,Not Applicable,Not Applicable,,,,,,
5,L1,A1,Not Applicable,Not Applicable,,,,,,
6,L1,B1,Not Applicable,Not Applicable,,,,,,
7,L1,C1,Not Applicable,Not Applicable,,,,,,
8,L1,D1,Not Applicable,Not Applicable,,,,,,
9,L2,A2,Not Applicable,Not Applicable,,,,,,
10,L2,B2,Not Applicable,Not Applicable,,,,,,
11,L2,C2,Not Applicable,Not Applicable,,,,,,
12,L2,D2,Not Applicable,Not Applicable,,,,,,
13,L3,A3,Not Applicable,Not Applicable,,,,,,
14,L3,B3,Not Applicable,Not Applicable,,,,,,
15,L3,C3,Not Applicable,Not Applicable,,,,,,
16,L3,D3,Not Applicable,Not Applicable,,,,,,
17,L4,A4,Not Applicable,Not Applicable,,,,,,
18,L4,B4,Not Applicable,Not Applicable,,,,,,
19,L4,C4,Not Applicable,Not Applicable,,,,,,
20,L4,D4,Not Applicable,Not Applicable,,,,,,
21,A1,L1A1,"OEA,Dir,Head,OEA",OEA,Dir,Head,OEA,L1,A,1
22,A1,L1A2,"OEA2,OEA,Order Mgmt ,OEA2",OEA2,OEA,Order Mgmt ,OEA2,L1,A,2
23,A1,L1A3,"OEA21,OEA2,Order Mgmt ,OEA21_2",OEA21,OEA2,Order Mgmt ,OEA21_2,L1,A,3
24,A1,L1A4,"OEA22,OEA2,Order Mgmt ,OEA22_6",OEA22,OEA2,Order Mgmt ,OEA22_6,L1,A,4
25,A1,L1A5,"OEA21,OEA2,Order Mgmt ,OEA21_22",OEA21,OEA2,Order Mgmt ,OEA21_22,L1,A,5
26,A1,L1A6,"OEA21,OEA2,Order Mgmt ,OEA21_46",OEA21,OEA2,Order Mgmt ,OEA21_46,L1,A,6
27,A1,L1A7,"OEA21,OEA2,Order Mgmt ,OEA21_4",OEA21,OEA2,Order Mgmt ,OEA21_4,L1,A,7
28,A1,L1A8,"OEA21,OEA2,Order Mgmt ,OEA21_42",OEA21,OEA2,Order Mgmt ,OEA21_42,L1,A,8
29,A1,L1A9,"OEA21,OEA2,Order Mgmt ,OEA21_14",OEA21,OEA2,Order Mgmt ,OEA21_14,L1,A,9
30,A1,L1A10,"OEA22,OEA2,Order Mgmt ,OEA22_15",OEA22,OEA2,Order Mgmt ,OEA22_15,L1,A,10
31,A1,L1A11,"OEA21,OEA2,Order Mgmt ,OEA21_29",OEA21,OEA2,Order Mgmt ,OEA21_29,L1,A,11
32,A1,L1A12,"OEA22,OEA2,Order Mgmt ,OEA22_20",OEA22,OEA2,Order Mgmt ,OEA22_20,L1,A,12
33,A1,L1A13,"OEA22,OEA2,Order Mgmt ,OEA22_19",OEA22,OEA2,Order Mgmt ,OEA22_19,L1,A,13
34,A1,L1A14,"OEA22,OEA2,Order Mgmt ,OEA22_3",OEA22,OEA2,Order Mgmt ,OEA22_3,L1,A,14
35,A1,L1A15,"OEA21,OEA2,Order Mgmt ,OEA21_26",OEA21,OEA2,Order Mgmt ,OEA21_26,L1,A,15
36,A1,L1A16,"OEA21,OEA2,Order Mgmt ,OEA21_39",OEA21,OEA2,Order Mgmt ,OEA21_39,L1,A,16
37,A1,L1A17,"OEA21,OEA2,Order Mgmt ,OEA21_37",OEA21,OEA2,Order Mgmt ,OEA21_37,L1,A,17
38,A1,L1A18,"OEA21,OEA2,Order Mgmt ,OEA21_34",OEA21,OEA2,Order Mgmt ,OEA21_34,L1,A,18
39,A1,L1A19,"OEA21,OEA2,Order Mgmt ,OEA21_45",OEA21,OEA2,Order Mgmt ,OEA21_45,L1,A,19
40,A1,L1A20,"OEA21,OEA2,Order Mgmt ,OEA21_11",OEA21,OEA2,Order Mgmt ,OEA21_11,L1,A,20
41,A1,L1A21,"OEA22,OEA2,Order Mgmt ,OEA22_7",OEA22,OEA2,Order Mgmt ,OEA22_7,L1,A,21
42,A1,L1A22,"OEA21,OEA2,Order Mgmt ,OEA21_36",OEA21,OEA2,Order Mgmt ,OEA21_36,L1,A,22
43,A1,L1A23,"OEA21,OEA2,Order Mgmt ,OEA21_44",OEA21,OEA2,Order Mgmt ,OEA21_44,L1,A,23
44,A1,L1A24,"OEA21,OEA2,Order Mgmt ,OEA21_21",OEA21,OEA2,Order Mgmt ,OEA21_21,L1,A,24
45,A1,L1A25,"OEA21,OEA2,Order Mgmt ,OEA21_5",OEA21,OEA2,Order Mgmt ,OEA21_5,L1,A,25
46,A1,L1A26,"OEA21,OEA2,Order Mgmt ,OEA21_18",OEA21,OEA2,Order Mgmt ,OEA21_18,L1,A,26
47,A1,L1A27,"OEA21,OEA2,Order Mgmt ,OEA21_32",OEA21,OEA2,Order Mgmt ,OEA21_32,L1,A,27
48,A1,L1A28,"OEA21,OEA2,Order Mgmt ,OEA21_25",OEA21,OEA2,Order Mgmt ,OEA21_25,L1,A,28
49,A1,L1A29,"OEA21,OEA2,Order Mgmt ,OEA21_8",OEA21,OEA2,Order Mgmt ,OEA21_8,L1,A,29
50,A1,L1A30,"OEA21,OEA2,Order Mgmt ,OEA21_43",OEA21,OEA2,Order Mgmt ,OEA21_43,L1,A,30
51,A1,L1A31,"OEA22,OEA2,Order Mgmt ,OEA22_4",OEA22,OEA2,Order Mgmt ,OEA22_4,L1,A,31
52,A1,L1A32,"OEA21,OEA2,Order Mgmt ,OEA21_3",OEA21,OEA2,Order Mgmt ,OEA21_3,L1,A,32
53,A1,L1A33,"OEA21,OEA2,Order Mgmt ,OEA21_20",OEA21,OEA2,Order Mgmt ,OEA21_20,L1,A,33
54,A1,L1A34,"OEA21,OEA2,Order Mgmt ,OEA21_6",OEA21,OEA2,Order Mgmt ,OEA21_6,L1,A,34
55,A1,L1A35,"OEA22,OEA2,Order Mgmt ,OEA22_14",OEA22,OEA2,Order Mgmt ,OEA22_14,L1,A,35
56,A1,L1A36,"OEA22,OEA2,Order Mgmt ,OEA22_1",OEA22,OEA2,Order Mgmt ,OEA22_1,L1,A,36
57,A1,L1A37,"OEA21,OEA2,Order Mgmt ,OEA21_40",OEA21,OEA2,Order Mgmt ,OEA21_40,L1,A,37
58,A1,L1A38,"OEA22,OEA2,Order Mgmt ,OEA22_17",OEA22,OEA2,Order Mgmt ,OEA22_17,L1,A,38
59,A1,L1A39,"OEA21,OEA2,Order Mgmt ,OEA21_9",OEA21,OEA2,Order Mgmt ,OEA21_9,L1,A,39
60,A1,L1A40,"OEA21,OEA2,Order Mgmt ,OEA21_30",OEA21,OEA2,Order Mgmt ,OEA21_30,L1,A,40
61,B1,L1B1,"OEB,Dir,Head,OEB",OEB,Dir,Head,OEB,L1,B,1
62,B1,L1B2,"OEB1,OEB,Order Mgmt ,OEB1",OEB1,OEB,Order Mgmt ,OEB1,L1,B,2
63,B1,L1B3,"OEB11,OEB1,Order Mgmt ,OEB1_45",OEB11,OEB1,Order Mgmt ,OEB1_45,L1,B,3
64,B1,L1B4,"OEB11,OEB1,Order Mgmt ,OEB1_27",OEB11,OEB1,Order Mgmt ,OEB1_27,L1,B,4
65,B1,L1B5,"OEB11,OEB1,Order Mgmt ,OEB1_15",OEB11,OEB1,Order Mgmt ,OEB1_15,L1,B,5
66,B1,L1B6,"OEB12,OEB1,Order Mgmt ,OEB12_4",OEB12,OEB1,Order Mgmt ,OEB12_4,L1,B,6
67,B1,L1B7,"OEB13,OEB1,Order Mgmt ,OEB13_8",OEB13,OEB1,Order Mgmt ,OEB13_8,L1,B,7
68,B1,L1B8,"OEB12,OEB1,Order Mgmt ,OEB12_6",OEB12,OEB1,Order Mgmt ,OEB12_6,L1,B,8
69,B1,L1B9,"OEB13,OEB1,Order Mgmt ,OEB13_4",OEB13,OEB1,Order Mgmt ,OEB13_4,L1,B,9
70,B1,L1B10,"OEB13,OEB1,Order Mgmt ,OEB13_14",OEB13,OEB1,Order Mgmt ,OEB13_14,L1,B,10
71,B1,L1B11,"OEB11,OEB1,Order Mgmt ,OEB1_48",OEB11,OEB1,Order Mgmt ,OEB1_48,L1,B,11
72,B1,L1B12,"OEB11,OEB1,Order Mgmt ,OEB1_20",OEB11,OEB1,Order Mgmt ,OEB1_20,L1,B,12
73,B1,L1B13,"OEB11,OEB1,Order Mgmt ,OEB1_12",OEB11,OEB1,Order Mgmt ,OEB1_12,L1,B,13
74,B1,L1B14,"OEB11,OEB1,Order Mgmt ,OEB1_37",OEB11,OEB1,Order Mgmt ,OEB1_37,L1,B,14
75,B1,L1B15,"OEB11,OEB1,Order Mgmt ,OEB1_40",OEB11,OEB1,Order Mgmt ,OEB1_40,L1,B,15
76,B1,L1B16,"OEB12,OEB1,Order Mgmt ,OEB12_12",OEB12,OEB1,Order Mgmt ,OEB12_12,L1,B,16
77,B1,L1B17,"OEB13,OEB1,Order Mgmt ,OEB13_16",OEB13,OEB1,Order Mgmt ,OEB13_16,L1,B,17
78,B1,L1B18,"OEB11,OEB1,Order Mgmt ,OEB1_22",OEB11,OEB1,Order Mgmt ,OEB1_22,L1,B,18
79,B1,L1B19,"OEB11,OEB1,Order Mgmt ,OEB1_4",OEB11,OEB1,Order Mgmt ,OEB1_4,L1,B,19
80,B1,L1B20,"OEB11,OEB1,Order Mgmt ,OEB1_44",OEB11,OEB1,Order Mgmt ,OEB1_44,L1,B,20
81,B1,L1B21,"OEB11,OEB1,Order Mgmt ,OEB1_11",OEB11,OEB1,Order Mgmt ,OEB1_11,L1,B,21
82,B1,L1B22,"OEB13,OEB1,Order Mgmt ,OEB13_6",OEB13,OEB1,Order Mgmt ,OEB13_6,L1,B,22
83,B1,L1B23,"OEB11,OEB1,Order Mgmt ,OEB1_35",OEB11,OEB1,Order Mgmt ,OEB1_35,L1,B,23
84,B1,L1B24,"OEB12,OEB1,Order Mgmt ,OEB12_26",OEB12,OEB1,Order Mgmt ,OEB12_26,L1,B,24
85,B1,L1B25,"OEB13,OEB1,Order Mgmt ,OEB13_17",OEB13,OEB1,Order Mgmt ,OEB13_17,L1,B,25
86,B1,L1B26,"OEB13,OEB1,Order Mgmt ,OEB13_3",OEB13,OEB1,Order Mgmt ,OEB13_3,L1,B,26
87,B1,L1B27,"OEB11,OEB1,Order Mgmt ,OEB1_10",OEB11,OEB1,Order Mgmt ,OEB1_10,L1,B,27
88,B1,L1B28,"OEB11,OEB1,Order Mgmt ,OEB1_26",OEB11,OEB1,Order Mgmt ,OEB1_26,L1,B,28
89,B1,L1B29,"OEB11,OEB1,Order Mgmt ,OEB1_23",OEB11,OEB1,Order Mgmt ,OEB1_23,L1,B,29
90,B1,L1B30,"OEB12,OEB1,Order Mgmt ,OEB12_14",OEB12,OEB1,Order Mgmt ,OEB12_14,L1,B,30
91,B1,L1B31,"OEB11,OEB1,Order Mgmt ,OEB1_17",OEB11,OEB1,Order Mgmt ,OEB1_17,L1,B,31
92,B1,L1B32,"OEB12,OEB1,Order Mgmt ,OEB12_8",OEB12,OEB1,Order Mgmt ,OEB12_8,L1,B,32
93,B1,L1B33,"OEB12,OEB1,Order Mgmt ,OEB12_16",OEB12,OEB1,Order Mgmt ,OEB12_16,L1,B,33
94,B1,L1B34,"OEB11,OEB1,Order Mgmt ,OEB1_24",OEB11,OEB1,Order Mgmt ,OEB1_24,L1,B,34
95,B1,L1B35,"OEB11,OEB1,Order Mgmt ,OEB1_6",OEB11,OEB1,Order Mgmt ,OEB1_6,L1,B,35
96,B1,L1B36,"OEB11,OEB1,Order Mgmt ,OEB1_49",OEB11,OEB1,Order Mgmt ,OEB1_49,L1,B,36
97,B1,L1B37,"OEB12,OEB1,Order Mgmt ,OEB12_27",OEB12,OEB1,Order Mgmt ,OEB12_27,L1,B,37
98,B1,L1B38,"OEB11,OEB1,Order Mgmt ,OEB1_39",OEB11,OEB1,Order Mgmt ,OEB1_39,L1,B,38
99,B1,L1B39,"OEB11,OEB1,Order Mgmt ,OEB1_25",OEB11,OEB1,Order Mgmt ,OEB1_25,L1,B,39
100,B1,L1B40,"OEB11,OEB1,Order Mgmt ,OEB1_21",OEB11,OEB1,Order Mgmt ,OEB1_21,L1,B,40
101,C1,L1C1,"OEC,Dir,Head,OEC",OEC,Dir,Head,OEC,L1,C,1
102,C1,L1C2,"OEC2,OEC,Client & Data Analytics,OEC2",OEC2,OEC,Client & Data Analytics,OEC2,L1,C,2
103,C1,L1C3,"OEC23,OEC2,Client & Data Analytics,OEC23_18",OEC23,OEC2,Client & Data Analytics,OEC23_18,L1,C,3
104,C1,L1C4,"OEC22,OEC2,Client & Data Analytics,OEC22_21",OEC22,OEC2,Client & Data Analytics,OEC22_21,L1,C,4
105,C1,L1C5,"OEC21,OEC2,Client & Data Analytics,OEC21_11",OEC21,OEC2,Client & Data Analytics,OEC21_11,L1,C,5
106,C1,L1C6,"OEC23,OEC2,Client & Data Analytics,OEC23_42",OEC23,OEC2,Client & Data Analytics,OEC23_42,L1,C,6
107,C1,L1C7,"OEC22,OEC2,Client & Data Analytics,OEC22_30",OEC22,OEC2,Client & Data Analytics,OEC22_30,L1,C,7
108,C1,L1C8,"OEC22,OEC2,Client & Data Analytics,OEC22_14",OEC22,OEC2,Client & Data Analytics,OEC22_14,L1,C,8
109,C1,L1C9,"OEC23,OEC2,Client & Data Analytics,OEC23_13",OEC23,OEC2,Client & Data Analytics,OEC23_13,L1,C,9
110,C1,L1C10,"OEC21,OEC2,Client & Data Analytics,OEC21_12",OEC21,OEC2,Client & Data Analytics,OEC21_12,L1,C,10
111,C1,L1C11,"OEC21,OEC2,Client & Data Analytics,OEC21_3",OEC21,OEC2,Client & Data Analytics,OEC21_3,L1,C,11
112,C1,L1C12,"OEC23,OEC2,Client & Data Analytics,OEC23_7",OEC23,OEC2,Client & Data Analytics,OEC23_7,L1,C,12
113,C1,L1C13,"OEC23,OEC2,Client & Data Analytics,OEC23_3",OEC23,OEC2,Client & Data Analytics,OEC23_3,L1,C,13
114,C1,L1C14,"OEC22,OEC2,Client & Data Analytics,OEC22_15",OEC22,OEC2,Client & Data Analytics,OEC22_15,L1,C,14
115,C1,L1C15,"OEC22,OEC2,Client & Data Analytics,OEC22_4",OEC22,OEC2,Client & Data Analytics,OEC22_4,L1,C,15
116,C1,L1C16,"OEC23,OEC2,Client & Data Analytics,OEC23_44",OEC23,OEC2,Client & Data Analytics,OEC23_44,L1,C,16
117,C1,L1C17,"OEC22,OEC2,Client & Data Analytics,OEC22_16",OEC22,OEC2,Client & Data Analytics,OEC22_16,L1,C,17
118,C1,L1C18,"OEC22,OEC2,Client & Data Analytics,OEC22_24",OEC22,OEC2,Client & Data Analytics,OEC22_24,L1,C,18
119,C1,L1C19,"OEC23,OEC2,Client & Data Analytics,OEC23_15",OEC23,OEC2,Client & Data Analytics,OEC23_15,L1,C,19
120,C1,L1C20,"OEC21,OEC2,Client & Data Analytics,OEC21_13",OEC21,OEC2,Client & Data Analytics,OEC21_13,L1,C,20
121,C1,L1C21,"OEC21,OEC2,Client & Data Analytics,OEC21_15",OEC21,OEC2,Client & Data Analytics,OEC21_15,L1,C,21
122,C1,L1C22,"OEC21,OEC2,Client & Data Analytics,OEC21_9",OEC21,OEC2,Client & Data Analytics,OEC21_9,L1,C,22
123,C1,L1C23,"OEC23,OEC2,Client & Data Analytics,OEC23_2",OEC23,OEC2,Client & Data Analytics,OEC23_2,L1,C,23
124,C1,L1C24,"OEC22,OEC2,Client & Data Analytics,OEC22_23",OEC22,OEC2,Client & Data Analytics,OEC22_23,L1,C,24
125,C1,L1C25,"OEC23,OEC2,Client & Data Analytics,OEC23_37",OEC23,OEC2,Client & Data Analytics,OEC23_37,L1,C,25
126,C1,L1C26,"OEC23,OEC2,Client & Data Analytics,OEC23_1",OEC23,OEC2,Client & Data Analytics,OEC23_1,L1,C,26
127,C1,L1C27,"OEC21,OEC2,Client & Data Analytics,OEC21_19",OEC21,OEC2,Client & Data Analytics,OEC21_19,L1,C,27
128,C1,L1C28,"OEC23,OEC2,Client & Data Analytics,OEC23_10",OEC23,OEC2,Client & Data Analytics,OEC23_10,L1,C,28
129,C1,L1C29,"OEC23,OEC2,Client & Data Analytics,OEC23_29",OEC23,OEC2,Client & Data Analytics,OEC23_29,L1,C,29
130,C1,L1C30,"OEC23,OEC2,Client & Data Analytics,OEC23_34",OEC23,OEC2,Client & Data Analytics,OEC23_34,L1,C,30
131,C1,L1C31,"OEC23,OEC2,Client & Data Analytics,OEC23_46",OEC23,OEC2,Client & Data Analytics,OEC23_46,L1,C,31
132,C1,L1C32,"OEC23,OEC2,Client & Data Analytics,OEC23_20",OEC23,OEC2,Client & Data Analytics,OEC23_20,L1,C,32
133,C1,L1C33,"OEC23,OEC2,Client & Data Analytics,OEC23_14",OEC23,OEC2,Client & Data Analytics,OEC23_14,L1,C,33
134,C1,L1C34,"OEC21,OEC2,Client & Data Analytics,OEC21_17",OEC21,OEC2,Client & Data Analytics,OEC21_17,L1,C,34
135,C1,L1C35,"OEC23,OEC2,Client & Data Analytics,OEC23_21",OEC23,OEC2,Client & Data Analytics,OEC23_21,L1,C,35
136,C1,L1C36,"OEC23,OEC2,Client & Data Analytics,OEC23_43",OEC23,OEC2,Client & Data Analytics,OEC23_43,L1,C,36
137,C1,L1C37,"OEC21,OEC2,Client & Data Analytics,OEC21_6",OEC21,OEC2,Client & Data Analytics,OEC21_6,L1,C,37
138,C1,L1C38,"OEC21,OEC2,Client & Data Analytics,OEC21_14",OEC21,OEC2,Client & Data Analytics,OEC21_14,L1,C,38
139,C1,L1C39,"OEC23,OEC2,Client & Data Analytics,OEC23_24",OEC23,OEC2,Client & Data Analytics,OEC23_24,L1,C,39
140,C1,L1C40,"OEC21,OEC2,Client & Data Analytics,OEC21_18",OEC21,OEC2,Client & Data Analytics,OEC21_18,L1,C,40
141,D1,L1D1,"OEB12,OEB1,Order Mgmt ,OEB12_29",OEB12,OEB1,Order Mgmt ,OEB12_29,L1,D,1
142,D1,L1D2,"OEB11,OEB1,Order Mgmt ,OEB1_33",OEB11,OEB1,Order Mgmt ,OEB1_33,L1,D,2
143,D1,L1D3,"OEB11,OEB1,Order Mgmt ,OEB1_30",OEB11,OEB1,Order Mgmt ,OEB1_30,L1,D,3
144,D1,L1D4,"OEB12,OEB1,Order Mgmt ,OEB12_25",OEB12,OEB1,Order Mgmt ,OEB12_25,L1,D,4
145,D1,L1D5,"OEB11,OEB1,Order Mgmt ,OEB1_29",OEB11,OEB1,Order Mgmt ,OEB1_29,L1,D,5
146,D1,L1D6,"OEB13,OEB1,Order Mgmt ,OEB13_9",OEB13,OEB1,Order Mgmt ,OEB13_9,L1,D,6
147,D1,L1D7,"OEB12,OEB1,Order Mgmt ,OEB12_3",OEB12,OEB1,Order Mgmt ,OEB12_3,L1,D,7
148,D1,L1D8,"OEB13,OEB1,Order Mgmt ,OEB13_15",OEB13,OEB1,Order Mgmt ,OEB13_15,L1,D,8
149,D1,L1D9,"OEB12,OEB1,Order Mgmt ,OEB12_19",OEB12,OEB1,Order Mgmt ,OEB12_19,L1,D,9
150,D1,L1D10,"OEB13,OEB1,Order Mgmt ,OEB13_7",OEB13,OEB1,Order Mgmt ,OEB13_7,L1,D,10
151,D1,L1D11,"OEB12,OEB1,Order Mgmt ,OEB12_20",OEB12,OEB1,Order Mgmt ,OEB12_20,L1,D,11
152,D1,L1D12,"OEB11,OEB1,Order Mgmt ,OEB1_36",OEB11,OEB1,Order Mgmt ,OEB1_36,L1,D,12
153,D1,L1D13,"OEB12,OEB1,Order Mgmt ,OEB12_28",OEB12,OEB1,Order Mgmt ,OEB12_28,L1,D,13
154,D1,L1D14,"OEB13,OEB1,Order Mgmt ,OEB13_1",OEB13,OEB1,Order Mgmt ,OEB13_1,L1,D,14
155,D1,L1D15,"OEB11,OEB1,Order Mgmt ,OEB1_31",OEB11,OEB1,Order Mgmt ,OEB1_31,L1,D,15
156,D1,L1D16,"OEB11,OEB1,Order Mgmt ,OEB1_43",OEB11,OEB1,Order Mgmt ,OEB1_43,L1,D,16
157,D1,L1D17,"OEB13,OEB1,Order Mgmt ,OEB13_2",OEB13,OEB1,Order Mgmt ,OEB13_2,L1,D,17
158,D1,L1D18,"OEB12,OEB1,Order Mgmt ,OEB12_11",OEB12,OEB1,Order Mgmt ,OEB12_11,L1,D,18
159,D1,L1D19,"OEB13,OEB1,Order Mgmt ,OEB13_12",OEB13,OEB1,Order Mgmt ,OEB13_12,L1,D,19
160,D1,L1D20,"OEB13,OEB1,Order Mgmt ,OEB13_13",OEB13,OEB1,Order Mgmt ,OEB13_13,L1,D,20
161,D1,L1D21,"OEB12,OEB1,Order Mgmt ,OEB12_21",OEB12,OEB1,Order Mgmt ,OEB12_21,L1,D,21
162,D1,L1D22,"OEB11,OEB1,Order Mgmt ,OEB1_5",OEB11,OEB1,Order Mgmt ,OEB1_5,L1,D,22
163,D1,L1D23,"OEB13,OEB1,Order Mgmt ,OEB13_5",OEB13,OEB1,Order Mgmt ,OEB13_5,L1,D,23
164,D1,L1D24,"OEB12,OEB1,Order Mgmt ,OEB12_10",OEB12,OEB1,Order Mgmt ,OEB12_10,L1,D,24
165,D1,L1D25,"OEE,Dir,Head,OEE",OEE,Dir,Head,OEE,L1,D,25
166,D1,L1D26,"OEE2,OEE,Business Analysis,OEE2",OEE2,OEE,Business Analysis,OEE2,L1,D,26
167,D1,L1D27,"OEE21,OEE2,Business Analysis,OEE 21_9",OEE21,OEE2,Business Analysis,OEE 21_9,L1,D,27
168,D1,L1D28,"OEE21,OEE2,Business Analysis,OEE 21_13",OEE21,OEE2,Business Analysis,OEE 21_13,L1,D,28
169,D1,L1D29,"OEE21,OEE2,Business Analysis,OEE 21_26",OEE21,OEE2,Business Analysis,OEE 21_26,L1,D,29
170,D1,L1D30,"OEE21,OEE2,Business Analysis,OEE 21_6",OEE21,OEE2,Business Analysis,OEE 21_6,L1,D,30
171,D1,L1D31,"OEE21,OEE2,Business Analysis,OEE 21_12",OEE21,OEE2,Business Analysis,OEE 21_12,L1,D,31
172,D1,L1D32,"OEE21,OEE2,Business Analysis,OEE 21_17",OEE21,OEE2,Business Analysis,OEE 21_17,L1,D,32
173,D1,L1D33,"OEE21,OEE2,Business Analysis,OEE 21_2",OEE21,OEE2,Business Analysis,OEE 21_2,L1,D,33
174,D1,L1D34,"OEE21,OEE2,Business Analysis,OEE 21_27",OEE21,OEE2,Business Analysis,OEE 21_27,L1,D,34
175,D1,L1D35,"OEE21,OEE2,Business Analysis,OEE 21_38",OEE21,OEE2,Business Analysis,OEE 21_38,L1,D,35
176,D1,L1D36,"OEE21,OEE2,Business Analysis,OEE 21_4",OEE21,OEE2,Business Analysis,OEE 21_4,L1,D,36
177,D1,L1D37,"OEE21,OEE2,Business Analysis,OEE 21_22",OEE21,OEE2,Business Analysis,OEE 21_22,L1,D,37
178,D1,L1D38,"OEE21,OEE2,Business Analysis,OEE 21_35",OEE21,OEE2,Business Analysis,OEE 21_35,L1,D,38
179,D1,L1D39,"OEE21,OEE2,Business Analysis,OEE 21_11",OEE21,OEE2,Business Analysis,OEE 21_11,L1,D,39
180,D1,L1D40,"OEE21,OEE2,Business Analysis,OEE 21_19",OEE21,OEE2,Business Analysis,OEE 21_19,L1,D,40
181,D1,L1D41,"OEE21,OEE2,Business Analysis,OEE 21_1",OEE21,OEE2,Business Analysis,OEE 21_1,L1,D,41
182,D1,L1D42,"OEE21,OEE2,Business Analysis,OEE 21_16",OEE21,OEE2,Business Analysis,OEE 21_16,L1,D,42
183,A2,L2A1,"OED,Dir,Head,OED",OED,Dir,Head,OED,L2,A,1
184,A2,L2A2,"OED2,OED,Client & Data Analytics,OED2",OED2,OED,Client & Data Analytics,OED2,L2,A,2
185,A2,L2A3,"OED22,OED2,Client & Data Analytics,OED 22_31",OED22,OED2,Client & Data Analytics,OED 22_31,L2,A,3
186,A2,L2A4,"OED21,OED2,Client & Data Analytics,OED 21_31",OED21,OED2,Client & Data Analytics,OED 21_31,L2,A,4
187,A2,L2A5,"OED23,OED2,Client & Data Analytics,OED 23_31",OED23,OED2,Client & Data Analytics,OED 23_31,L2,A,5
188,A2,L2A6,"OED22,OED2,Client & Data Analytics,OED 22_24",OED22,OED2,Client & Data Analytics,OED 22_24,L2,A,6
189,A2,L2A7,"OED22,OED2,Client & Data Analytics,OED 22_29",OED22,OED2,Client & Data Analytics,OED 22_29,L2,A,7
190,A2,L2A8,"OED21,OED2,Client & Data Analytics,OED 21_30",OED21,OED2,Client & Data Analytics,OED 21_30,L2,A,8
191,A2,L2A9,"OED23,OED2,Client & Data Analytics,OED 23_24",OED23,OED2,Client & Data Analytics,OED 23_24,L2,A,9
192,A2,L2A10,"OED22,OED2,Client & Data Analytics,OED 22_27",OED22,OED2,Client & Data Analytics,OED 22_27,L2,A,10
193,A2,L2A11,"OED21,OED2,Client & Data Analytics,OED 21_4",OED21,OED2,Client & Data Analytics,OED 21_4,L2,A,11
194,A2,L2A12,"OED23,OED2,Client & Data Analytics,OED 23_3",OED23,OED2,Client & Data Analytics,OED 23_3,L2,A,12
195,A2,L2A13,"OED21,OED2,Client & Data Analytics,OED 21_1",OED21,OED2,Client & Data Analytics,OED 21_1,L2,A,13
196,A2,L2A14,"OED23,OED2,Client & Data Analytics,OED 23_11",OED23,OED2,Client & Data Analytics,OED 23_11,L2,A,14
197,A2,L2A15,"OED23,OED2,Client & Data Analytics,OED 23_20",OED23,OED2,Client & Data Analytics,OED 23_20,L2,A,15
198,A2,L2A16,"OED23,OED2,Client & Data Analytics,OED 23_22",OED23,OED2,Client & Data Analytics,OED 23_22,L2,A,16
199,A2,L2A17,"OED22,OED2,Client & Data Analytics,OED 22_2",OED22,OED2,Client & Data Analytics,OED 22_2,L2,A,17
200,A2,L2A18,"OED21,OED2,Client & Data Analytics,OED 21_13",OED21,OED2,Client & Data Analytics,OED 21_13,L2,A,18
201,A2,L2A19,"OED21,OED2,Client & Data Analytics,OED 21_14",OED21,OED2,Client & Data Analytics,OED 21_14,L2,A,19
202,A2,L2A20,"OED23,OED2,Client & Data Analytics,OED 23_10",OED23,OED2,Client & Data Analytics,OED 23_10,L2,A,20
203,A2,L2A21,"OED23,OED2,Client & Data Analytics,OED 23_13",OED23,OED2,Client & Data Analytics,OED 23_13,L2,A,21
204,A2,L2A22,"OED22,OED2,Client & Data Analytics,OED 22_13",OED22,OED2,Client & Data Analytics,OED 22_13,L2,A,22
205,A2,L2A23,"OED21,OED2,Client & Data Analytics,OED 21_11",OED21,OED2,Client & Data Analytics,OED 21_11,L2,A,23
206,A2,L2A24,"OED23,OED2,Client & Data Analytics,OED 23_30",OED23,OED2,Client & Data Analytics,OED 23_30,L2,A,24
207,A2,L2A25,"OED21,OED2,Client & Data Analytics,OED 21_27",OED21,OED2,Client & Data Analytics,OED 21_27,L2,A,25
208,A2,L2A26,"OED22,OED2,Client & Data Analytics,OED 22_4",OED22,OED2,Client & Data Analytics,OED 22_4,L2,A,26
209,A2,L2A27,"OED22,OED2,Client & Data Analytics,OED 22_15",OED22,OED2,Client & Data Analytics,OED 22_15,L2,A,27
210,A2,L2A28,"OED23,OED2,Client & Data Analytics,OED 23_29",OED23,OED2,Client & Data Analytics,OED 23_29,L2,A,28
211,A2,L2A29,"OED22,OED2,Client & Data Analytics,OED 22_30",OED22,OED2,Client & Data Analytics,OED 22_30,L2,A,29
212,A2,L2A30,"OED22,OED2,Client & Data Analytics,OED 22_3",OED22,OED2,Client & Data Analytics,OED 22_3,L2,A,30
213,A2,L2A31,"OED21,OED2,Client & Data Analytics,OED 21_10",OED21,OED2,Client & Data Analytics,OED 21_10,L2,A,31
214,A2,L2A32,"OED21,OED2,Client & Data Analytics,OED 21_25",OED21,OED2,Client & Data Analytics,OED 21_25,L2,A,32
215,A2,L2A33,"OED23,OED2,Client & Data Analytics,OED 23_21",OED23,OED2,Client & Data Analytics,OED 23_21,L2,A,33
216,A2,L2A34,"OED23,OED2,Client & Data Analytics,OED 23_2",OED23,OED2,Client & Data Analytics,OED 23_2,L2,A,34
217,A2,L2A35,"OED23,OED2,Client & Data Analytics,OED 23_5",OED23,OED2,Client & Data Analytics,OED 23_5,L2,A,35
218,A2,L2A36,"OED23,OED2,Client & Data Analytics,OED 23_17",OED23,OED2,Client & Data Analytics,OED 23_17,L2,A,36
219,A2,L2A37,"OED23,OED2,Client & Data Analytics,OED 23_7",OED23,OED2,Client & Data Analytics,OED 23_7,L2,A,37
220,A2,L2A38,"OED22,OED2,Client & Data Analytics,OED 22_21",OED22,OED2,Client & Data Analytics,OED 22_21,L2,A,38
221,A2,L2A39,"OED21,OED2,Client & Data Analytics,OED 21_18",OED21,OED2,Client & Data Analytics,OED 21_18,L2,A,39
222,A2,L2A40,"OED22,OED2,Client & Data Analytics,OED 22_14",OED22,OED2,Client & Data Analytics,OED 22_14,L2,A,40
223,B2,L2B1,"OED21,OED2,Client & Data Analytics,OED 21_26",OED21,OED2,Client & Data Analytics,OED 21_26,L2,B,1
224,B2,L2B2,"OED23,OED2,Client & Data Analytics,OED 23_25",OED23,OED2,Client & Data Analytics,OED 23_25,L2,B,2
225,B2,L2B3,"OED21,OED2,Client & Data Analytics,OED 21_29",OED21,OED2,Client & Data Analytics,OED 21_29,L2,B,3
226,B2,L2B4,"OED22,OED2,Client & Data Analytics,OED 22_20",OED22,OED2,Client & Data Analytics,OED 22_20,L2,B,4
227,B2,L2B5,"OED23,OED2,Client & Data Analytics,OED 23_26",OED23,OED2,Client & Data Analytics,OED 23_26,L2,B,5
228,B2,L2B6,"OED21,OED2,Client & Data Analytics,OED 21_12",OED21,OED2,Client & Data Analytics,OED 21_12,L2,B,6
229,B2,L2B7,"OED22,OED2,Client & Data Analytics,OED 22_26",OED22,OED2,Client & Data Analytics,OED 22_26,L2,B,7
230,B2,L2B8,"OED23,OED2,Client & Data Analytics,OED 23_27",OED23,OED2,Client & Data Analytics,OED 23_27,L2,B,8
231,B2,L2B9,"OED23,OED2,Client & Data Analytics,OED 23_14",OED23,OED2,Client & Data Analytics,OED 23_14,L2,B,9
232,B2,L2B10,"OED23,OED2,Client & Data Analytics,OED 23_15",OED23,OED2,Client & Data Analytics,OED 23_15,L2,B,10
233,B2,L2B11,"OED21,OED2,Client & Data Analytics,OED 21_7",OED21,OED2,Client & Data Analytics,OED 21_7,L2,B,11
234,B2,L2B12,"OED21,OED2,Client & Data Analytics,OED 21_16",OED21,OED2,Client & Data Analytics,OED 21_16,L2,B,12
235,B2,L2B13,"OED21,OED2,Client & Data Analytics,OED 21_8",OED21,OED2,Client & Data Analytics,OED 21_8,L2,B,13
236,B2,L2B14,"OED21,OED2,Client & Data Analytics,OED 21_2",OED21,OED2,Client & Data Analytics,OED 21_2,L2,B,14
237,B2,L2B15,"OED23,OED2,Client & Data Analytics,OED 23_1",OED23,OED2,Client & Data Analytics,OED 23_1,L2,B,15
238,B2,L2B16,"OED22,OED2,Client & Data Analytics,OED 22_10",OED22,OED2,Client & Data Analytics,OED 22_10,L2,B,16
239,B2,L2B17,"OED23,OED2,Client & Data Analytics,OED 23_12",OED23,OED2,Client & Data Analytics,OED 23_12,L2,B,17
240,B2,L2B18,"OED21,OED2,Client & Data Analytics,OED 21_3",OED21,OED2,Client & Data Analytics,OED 21_3,L2,B,18
241,B2,L2B19,"OED21,OED2,Client & Data Analytics,OED 21_15",OED21,OED2,Client & Data Analytics,OED 21_15,L2,B,19
242,B2,L2B20,"OED23,OED2,Client & Data Analytics,OED 23_4",OED23,OED2,Client & Data Analytics,OED 23_4,L2,B,20
243,B2,L2B21,"OED21,OED2,Client & Data Analytics,OED 21_28",OED21,OED2,Client & Data Analytics,OED 21_28,L2,B,21
244,B2,L2B22,"OED23,OED2,Client & Data Analytics,OED 23_23",OED23,OED2,Client & Data Analytics,OED 23_23,L2,B,22
245,B2,L2B23,"OED22,OED2,Client & Data Analytics,OED 22_9",OED22,OED2,Client & Data Analytics,OED 22_9,L2,B,23
246,B2,L2B24,"OED21,OED2,Client & Data Analytics,OED 21_19",OED21,OED2,Client & Data Analytics,OED 21_19,L2,B,24
247,B2,L2B25,"OED22,OED2,Client & Data Analytics,OED 22_8",OED22,OED2,Client & Data Analytics,OED 22_8,L2,B,25
248,B2,L2B26,"OED23,OED2,Client & Data Analytics,OED 23_8",OED23,OED2,Client & Data Analytics,OED 23_8,L2,B,26
249,B2,L2B27,"OED22,OED2,Client & Data Analytics,OED 22_17",OED22,OED2,Client & Data Analytics,OED 22_17,L2,B,27
250,B2,L2B28,"OED23,OED2,Client & Data Analytics,OED 23_28",OED23,OED2,Client & Data Analytics,OED 23_28,L2,B,28
251,B2,L2B29,"OED23,OED2,Client & Data Analytics,OED 23_16",OED23,OED2,Client & Data Analytics,OED 23_16,L2,B,29
252,B2,L2B30,"OED21,OED2,Client & Data Analytics,OED 21_9",OED21,OED2,Client & Data Analytics,OED 21_9,L2,B,30
253,B2,L2B31,"OED21,OED2,Client & Data Analytics,OED 21_20",OED21,OED2,Client & Data Analytics,OED 21_20,L2,B,31
254,B2,L2B32,"OED21,OED2,Client & Data Analytics,OED 21_23",OED21,OED2,Client & Data Analytics,OED 21_23,L2,B,32
255,B2,L2B33,"OED22,OED2,Client & Data Analytics,OED 22_28",OED22,OED2,Client & Data Analytics,OED 22_28,L2,B,33
256,B2,L2B34,"OED22,OED2,Client & Data Analytics,OED 22_32",OED22,OED2,Client & Data Analytics,OED 22_32,L2,B,34
257,B2,L2B35,"OED21,OED2,Client & Data Analytics,OED 21_24",OED21,OED2,Client & Data Analytics,OED 21_24,L2,B,35
258,B2,L2B36,"OED22,OED2,Client & Data Analytics,OED 22_5",OED22,OED2,Client & Data Analytics,OED 22_5,L2,B,36
259,B2,L2B37,"OED22,OED2,Client & Data Analytics,OED 22_11",OED22,OED2,Client & Data Analytics,OED 22_11,L2,B,37
260,B2,L2B38,"OED22,OED2,Client & Data Analytics,OED 22_16",OED22,OED2,Client & Data Analytics,OED 22_16,L2,B,38
261,B2,L2B39,"OED21,OED2,Client & Data Analytics,OED 21_5",OED21,OED2,Client & Data Analytics,OED 21_5,L2,B,39
262,B2,L2B40,"OED22,OED2,Client & Data Analytics,OED 22_33",OED22,OED2,Client & Data Analytics,OED 22_33,L2,B,40
263,C2,L2C1,"OED21,OED2,Client & Data Analytics,OED 21_32",OED21,OED2,Client & Data Analytics,OED 21_32,L2,C,1
264,C2,L2C2,"OED23,OED2,Client & Data Analytics,OED 23_32",OED23,OED2,Client & Data Analytics,OED 23_32,L2,C,2
265,C2,L2C3,"OED23,OED2,Client & Data Analytics,OED 23_18",OED23,OED2,Client & Data Analytics,OED 23_18,L2,C,3
266,C2,L2C4,"OED22,OED2,Client & Data Analytics,OED 22_19",OED22,OED2,Client & Data Analytics,OED 22_19,L2,C,4
267,C2,L2C5,"OED22,OED2,Client & Data Analytics,OED 22_18",OED22,OED2,Client & Data Analytics,OED 22_18,L2,C,5
268,C2,L2C6,"OED21,OED2,Client & Data Analytics,OED 21_22",OED21,OED2,Client & Data Analytics,OED 21_22,L2,C,6
269,C2,L2C7,"OED21,OED2,Client & Data Analytics,OED 21_17",OED21,OED2,Client & Data Analytics,OED 21_17,L2,C,7
270,C2,L2C8,"OED23,OED2,Client & Data Analytics,OED 23_33",OED23,OED2,Client & Data Analytics,OED 23_33,L2,C,8
271,C2,L2C9,"OED22,OED2,Client & Data Analytics,OED 22_12",OED22,OED2,Client & Data Analytics,OED 22_12,L2,C,9
272,C2,L2C10,"OED23,OED2,Client & Data Analytics,OED 23_6",OED23,OED2,Client & Data Analytics,OED 23_6,L2,C,10
273,C2,L2C11,"OED22,OED2,Client & Data Analytics,OED 22_22",OED22,OED2,Client & Data Analytics,OED 22_22,L2,C,11
274,C2,L2C12,"OED22,OED2,Client & Data Analytics,OED 22_25",OED22,OED2,Client & Data Analytics,OED 22_25,L2,C,12
275,C2,L2C13,"OED21,OED2,Client & Data Analytics,OED 21_6",OED21,OED2,Client & Data Analytics,OED 21_6,L2,C,13
276,C2,L2C14,"OED22,OED2,Client & Data Analytics,OED 22_1",OED22,OED2,Client & Data Analytics,OED 22_1,L2,C,14
277,C2,L2C15,"OED22,OED2,Client & Data Analytics,OED 22_6",OED22,OED2,Client & Data Analytics,OED 22_6,L2,C,15
278,C2,L2C16,"OED21,OED2,Client & Data Analytics,OED 21_21",OED21,OED2,Client & Data Analytics,OED 21_21,L2,C,16
279,C2,L2C17,"OED22,OED2,Client & Data Analytics,OED 22_23",OED22,OED2,Client & Data Analytics,OED 22_23,L2,C,17
280,C2,L2C18,"OED22,OED2,Client & Data Analytics,OED 22_7",OED22,OED2,Client & Data Analytics,OED 22_7,L2,C,18
281,C2,L2C19,"OED23,OED2,Client & Data Analytics,OED 23_9",OED23,OED2,Client & Data Analytics,OED 23_9,L2,C,19
282,C2,L2C20,"OED23,OED2,Client & Data Analytics,OED 23_19",OED23,OED2,Client & Data Analytics,OED 23_19,L2,C,20
283,C2,L2C21,"OED21,OED2,Client & Data Analytics,OED 21_33",OED21,OED2,Client & Data Analytics,OED 21_33,L2,C,21
284,C2,L2C22,"OED1,OED,Client & Data Analytics,OED1",OED1,OED,Client & Data Analytics,OED1,L2,C,22
285,C2,L2C23,"OED12,OED1,Client & Data Analytics,OED 12_19",OED12,OED1,Client & Data Analytics,OED 12_19,L2,C,23
286,C2,L2C24,"OED12,OED1,Client & Data Analytics,OED 12_10",OED12,OED1,Client & Data Analytics,OED 12_10,L2,C,24
287,C2,L2C25,"OED12,OED1,Client & Data Analytics,OED 12_18",OED12,OED1,Client & Data Analytics,OED 12_18,L2,C,25
288,C2,L2C26,"OED11,OED1,Client & Data Analytics,OED 11_21",OED11,OED1,Client & Data Analytics,OED 11_21,L2,C,26
289,C2,L2C27,"OED12,OED1,Client & Data Analytics,OED 12_16",OED12,OED1,Client & Data Analytics,OED 12_16,L2,C,27
290,C2,L2C28,"OED13,OED1,Client & Data Analytics,OED 13_14",OED13,OED1,Client & Data Analytics,OED 13_14,L2,C,28
291,C2,L2C29,"OED14,OED1,Client & Data Analytics,OED 14_25",OED14,OED1,Client & Data Analytics,OED 14_25,L2,C,29
292,C2,L2C30,"OED12,OED1,Client & Data Analytics,OED 12_32",OED12,OED1,Client & Data Analytics,OED 12_32,L2,C,30
293,C2,L2C31,"OED12,OED1,Client & Data Analytics,OED 12_5",OED12,OED1,Client & Data Analytics,OED 12_5,L2,C,31
294,C2,L2C32,"OED13,OED1,Client & Data Analytics,OED 13_16",OED13,OED1,Client & Data Analytics,OED 13_16,L2,C,32
295,C2,L2C33,"OED13,OED1,Client & Data Analytics,OED 13_24",OED13,OED1,Client & Data Analytics,OED 13_24,L2,C,33
296,C2,L2C34,"OED11,OED1,Client & Data Analytics,OED 11_4",OED11,OED1,Client & Data Analytics,OED 11_4,L2,C,34
297,C2,L2C35,"OED13,OED1,Client & Data Analytics,OED 13_13",OED13,OED1,Client & Data Analytics,OED 13_13,L2,C,35
298,C2,L2C36,"OED12,OED1,Client & Data Analytics,OED 12_17",OED12,OED1,Client & Data Analytics,OED 12_17,L2,C,36
299,C2,L2C37,"OED11,OED1,Client & Data Analytics,OED 11_29",OED11,OED1,Client & Data Analytics,OED 11_29,L2,C,37
300,C2,L2C38,"OED14,OED1,Client & Data Analytics,OED 14_26",OED14,OED1,Client & Data Analytics,OED 14_26,L2,C,38
301,C2,L2C39,"OED14,OED1,Client & Data Analytics,OED 14_29",OED14,OED1,Client & Data Analytics,OED 14_29,L2,C,39
302,C2,L2C40,"OED11,OED1,Client & Data Analytics,OED 11_20",OED11,OED1,Client & Data Analytics,OED 11_20,L2,C,40
303,D2,L2D1,"OEA21,OEA2,Order Mgmt ,OEA21_23",OEA21,OEA2,Order Mgmt ,OEA21_23,L2,D,1
304,D2,L2D2,"OEA22,OEA2,Order Mgmt ,OEA22_8",OEA22,OEA2,Order Mgmt ,OEA22_8,L2,D,2
305,D2,L2D3,"OEA22,OEA2,Order Mgmt ,OEA22_13",OEA22,OEA2,Order Mgmt ,OEA22_13,L2,D,3
306,D2,L2D4,"OEA21,OEA2,Order Mgmt ,OEA21_33",OEA21,OEA2,Order Mgmt ,OEA21_33,L2,D,4
307,D2,L2D5,"OEA21,OEA2,Order Mgmt ,OEA21_1",OEA21,OEA2,Order Mgmt ,OEA21_1,L2,D,5
308,D2,L2D6,"OEA22,OEA2,Order Mgmt ,OEA22_2",OEA22,OEA2,Order Mgmt ,OEA22_2,L2,D,6
309,D2,L2D7,"OEA21,OEA2,Order Mgmt ,OEA21_10",OEA21,OEA2,Order Mgmt ,OEA21_10,L2,D,7
310,D2,L2D8,"OEA21,OEA2,Order Mgmt ,OEA21_38",OEA21,OEA2,Order Mgmt ,OEA21_38,L2,D,8
311,D2,L2D9,"OEA21,OEA2,Order Mgmt ,OEA21_12",OEA21,OEA2,Order Mgmt ,OEA21_12,L2,D,9
312,D2,L2D10,"OEA21,OEA2,Order Mgmt ,OEA21_19",OEA21,OEA2,Order Mgmt ,OEA21_19,L2,D,10
313,D2,L2D11,"OEA21,OEA2,Order Mgmt ,OEA21_15",OEA21,OEA2,Order Mgmt ,OEA21_15,L2,D,11
314,D2,L2D12,"OEA21,OEA2,Order Mgmt ,OEA21_41",OEA21,OEA2,Order Mgmt ,OEA21_41,L2,D,12
315,D2,L2D13,"OEA21,OEA2,Order Mgmt ,OEA21_24",OEA21,OEA2,Order Mgmt ,OEA21_24,L2,D,13
316,D2,L2D14,"OEA22,OEA2,Order Mgmt ,OEA22_18",OEA22,OEA2,Order Mgmt ,OEA22_18,L2,D,14
317,D2,L2D15,"OEA22,OEA2,Order Mgmt ,OEA22_10",OEA22,OEA2,Order Mgmt ,OEA22_10,L2,D,15
318,D2,L2D16,"OEA22,OEA2,Order Mgmt ,OEA22_11",OEA22,OEA2,Order Mgmt ,OEA22_11,L2,D,16
319,D2,L2D17,"OEA22,OEA2,Order Mgmt ,OEA22_5",OEA22,OEA2,Order Mgmt ,OEA22_5,L2,D,17
320,D2,L2D18,"OEA22,OEA2,Order Mgmt ,OEA22_12",OEA22,OEA2,Order Mgmt ,OEA22_12,L2,D,18
321,D2,L2D19,"OEA21,OEA2,Order Mgmt ,OEA21_7",OEA21,OEA2,Order Mgmt ,OEA21_7,L2,D,19
322,D2,L2D20,"OEA21,OEA2,Order Mgmt ,OEA21_16",OEA21,OEA2,Order Mgmt ,OEA21_16,L2,D,20
323,D2,L2D21,"OEA22,OEA2,Order Mgmt ,OEA22_16",OEA22,OEA2,Order Mgmt ,OEA22_16,L2,D,21
324,D2,L2D22,"OEA22,OEA2,Order Mgmt ,OEA22_9",OEA22,OEA2,Order Mgmt ,OEA22_9,L2,D,22
325,D2,L2D23,"OEA21,OEA2,Order Mgmt ,OEA21_13",OEA21,OEA2,Order Mgmt ,OEA21_13,L2,D,23
326,D2,L2D24,"OEA21,OEA2,Order Mgmt ,OEA21_35",OEA21,OEA2,Order Mgmt ,OEA21_35,L2,D,24
327,D2,L2D25,"OEA21,OEA2,Order Mgmt ,OEA21_27",OEA21,OEA2,Order Mgmt ,OEA21_27,L2,D,25
328,D2,L2D26,"OEA21,OEA2,Order Mgmt ,OEA21_31",OEA21,OEA2,Order Mgmt ,OEA21_31,L2,D,26
329,D2,L2D27,"OEA21,OEA2,Order Mgmt ,OEA21_28",OEA21,OEA2,Order Mgmt ,OEA21_28,L2,D,27
330,D2,L2D28,"OEA21,OEA2,Order Mgmt ,OEA21_17",OEA21,OEA2,Order Mgmt ,OEA21_17,L2,D,28
331,D2,L2D29,"OEA1,OEA,Order Mgmt ,OEA1",OEA1,OEA,Order Mgmt ,OEA1,L2,D,29
332,D2,L2D30,"OEA13,OEA1,Order Mgmt ,OEA13_22",OEA13,OEA1,Order Mgmt ,OEA13_22,L2,D,30
333,D2,L2D31,"OEA13,OEA1,Order Mgmt ,OEA13_9",OEA13,OEA1,Order Mgmt ,OEA13_9,L2,D,31
334,D2,L2D32,"OEA12,OEA1,Order Mgmt ,OEA1_23",OEA12,OEA1,Order Mgmt ,OEA1_23,L2,D,32
335,D2,L2D33,"OEA12,OEA1,Order Mgmt ,OEA1_30",OEA12,OEA1,Order Mgmt ,OEA1_30,L2,D,33
336,D2,L2D34,"OEA13,OEA1,Order Mgmt ,OEA13_25",OEA13,OEA1,Order Mgmt ,OEA13_25,L2,D,34
337,D2,L2D35,"OEA12,OEA1,Order Mgmt ,OEA1_10",OEA12,OEA1,Order Mgmt ,OEA1_10,L2,D,35
338,D2,L2D36,"OEA14,OEA1,Order Mgmt ,OEA14_27",OEA14,OEA1,Order Mgmt ,OEA14_27,L2,D,36
339,D2,L2D37,"OEA11,OEA1,Order Mgmt ,OEA11_2",OEA11,OEA1,Order Mgmt ,OEA11_2,L2,D,37
340,D2,L2D38,"OEA14,OEA1,Order Mgmt ,OEA14_15",OEA14,OEA1,Order Mgmt ,OEA14_15,L2,D,38
341,D2,L2D39,"OEA13,OEA1,Order Mgmt ,OEA13_14",OEA13,OEA1,Order Mgmt ,OEA13_14,L2,D,39
342,D2,L2D40,"OEA12,OEA1,Order Mgmt ,OEA1_28",OEA12,OEA1,Order Mgmt ,OEA1_28,L2,D,40
343,D2,L2D41,"OEA13,OEA1,Order Mgmt ,OEA13_33",OEA13,OEA1,Order Mgmt ,OEA13_33,L2,D,41
344,D2,L2D42,"OEA11,OEA1,Order Mgmt ,OEA11_11",OEA11,OEA1,Order Mgmt ,OEA11_11,L2,D,42
345,D2,L2D43,"OEA12,OEA1,Order Mgmt ,OEA1_13",OEA12,OEA1,Order Mgmt ,OEA1_13,L2,D,43
346,A3,L3A1,"OED12,OED1,Client & Data Analytics,OED 12_6",OED12,OED1,Client & Data Analytics,OED 12_6,L3,A,1
347,A3,L3A2,"OED11,OED1,Client & Data Analytics,OED 11_17",OED11,OED1,Client & Data Analytics,OED 11_17,L3,A,2
348,A3,L3A3,"OED13,OED1,Client & Data Analytics,OED 13_25",OED13,OED1,Client & Data Analytics,OED 13_25,L3,A,3
349,A3,L3A4,"OED12,OED1,Client & Data Analytics,OED 12_30",OED12,OED1,Client & Data Analytics,OED 12_30,L3,A,4
350,A3,L3A5,"OED13,OED1,Client & Data Analytics,OED 13_26",OED13,OED1,Client & Data Analytics,OED 13_26,L3,A,5
351,A3,L3A6,"OED14,OED1,Client & Data Analytics,OED 14_16",OED14,OED1,Client & Data Analytics,OED 14_16,L3,A,6
352,A3,L3A7,"OED12,OED1,Client & Data Analytics,OED 12_9",OED12,OED1,Client & Data Analytics,OED 12_9,L3,A,7
353,A3,L3A8,"OED14,OED1,Client & Data Analytics,OED 14_20",OED14,OED1,Client & Data Analytics,OED 14_20,L3,A,8
354,A3,L3A9,"OED11,OED1,Client & Data Analytics,OED 11_32",OED11,OED1,Client & Data Analytics,OED 11_32,L3,A,9
355,A3,L3A10,"OED13,OED1,Client & Data Analytics,OED 13_27",OED13,OED1,Client & Data Analytics,OED 13_27,L3,A,10
356,A3,L3A11,"OED14,OED1,Client & Data Analytics,OED 14_2",OED14,OED1,Client & Data Analytics,OED 14_2,L3,A,11
357,A3,L3A12,"OED13,OED1,Client & Data Analytics,OED 13_22",OED13,OED1,Client & Data Analytics,OED 13_22,L3,A,12
358,A3,L3A13,"OED14,OED1,Client & Data Analytics,OED 14_18",OED14,OED1,Client & Data Analytics,OED 14_18,L3,A,13
359,A3,L3A14,"OED14,OED1,Client & Data Analytics,OED 14_8",OED14,OED1,Client & Data Analytics,OED 14_8,L3,A,14
360,A3,L3A15,"OED13,OED1,Client & Data Analytics,OED 13_18",OED13,OED1,Client & Data Analytics,OED 13_18,L3,A,15
361,A3,L3A16,"OED14,OED1,Client & Data Analytics,OED 14_17",OED14,OED1,Client & Data Analytics,OED 14_17,L3,A,16
362,A3,L3A17,"OED12,OED1,Client & Data Analytics,OED 12_8",OED12,OED1,Client & Data Analytics,OED 12_8,L3,A,17
363,A3,L3A18,"OED13,OED1,Client & Data Analytics,OED 13_28",OED13,OED1,Client & Data Analytics,OED 13_28,L3,A,18
364,A3,L3A19,"OED12,OED1,Client & Data Analytics,OED 12_4",OED12,OED1,Client & Data Analytics,OED 12_4,L3,A,19
365,A3,L3A20,"OED14,OED1,Client & Data Analytics,OED 14_31",OED14,OED1,Client & Data Analytics,OED 14_31,L3,A,20
366,A3,L3A21,"OED13,OED1,Client & Data Analytics,OED 13_7",OED13,OED1,Client & Data Analytics,OED 13_7,L3,A,21
367,A3,L3A22,"OED11,OED1,Client & Data Analytics,OED 11_8",OED11,OED1,Client & Data Analytics,OED 11_8,L3,A,22
368,A3,L3A23,"OED11,OED1,Client & Data Analytics,OED 11_12",OED11,OED1,Client & Data Analytics,OED 11_12,L3,A,23
369,A3,L3A24,"OED13,OED1,Client & Data Analytics,OED 13_2",OED13,OED1,Client & Data Analytics,OED 13_2,L3,A,24
370,A3,L3A25,"OED14,OED1,Client & Data Analytics,OED 14_27",OED14,OED1,Client & Data Analytics,OED 14_27,L3,A,25
371,A3,L3A26,"OED13,OED1,Client & Data Analytics,OED 13_3",OED13,OED1,Client & Data Analytics,OED 13_3,L3,A,26
372,A3,L3A27,"OED13,OED1,Client & Data Analytics,OED 13_29",OED13,OED1,Client & Data Analytics,OED 13_29,L3,A,27
373,A3,L3A28,"OED11,OED1,Client & Data Analytics,OED 11_7",OED11,OED1,Client & Data Analytics,OED 11_7,L3,A,28
374,A3,L3A29,"OED14,OED1,Client & Data Analytics,OED 14_21",OED14,OED1,Client & Data Analytics,OED 14_21,L3,A,29
375,A3,L3A30,"OED11,OED1,Client & Data Analytics,OED 11_25",OED11,OED1,Client & Data Analytics,OED 11_25,L3,A,30
376,A3,L3A31,"OED11,OED1,Client & Data Analytics,OED 11_23",OED11,OED1,Client & Data Analytics,OED 11_23,L3,A,31
377,A3,L3A32,"OED14,OED1,Client & Data Analytics,OED 14_10",OED14,OED1,Client & Data Analytics,OED 14_10,L3,A,32
378,A3,L3A33,"OED14,OED1,Client & Data Analytics,OED 14_30",OED14,OED1,Client & Data Analytics,OED 14_30,L3,A,33
379,A3,L3A34,"OED11,OED1,Client & Data Analytics,OED 11_18",OED11,OED1,Client & Data Analytics,OED 11_18,L3,A,34
380,A3,L3A35,"OED14,OED1,Client & Data Analytics,OED 14_14",OED14,OED1,Client & Data Analytics,OED 14_14,L3,A,35
381,A3,L3A36,"OED12,OED1,Client & Data Analytics,OED 12_28",OED12,OED1,Client & Data Analytics,OED 12_28,L3,A,36
382,A3,L3A37,"OED12,OED1,Client & Data Analytics,OED 12_33",OED12,OED1,Client & Data Analytics,OED 12_33,L3,A,37
383,A3,L3A38,"OED14,OED1,Client & Data Analytics,OED 14_9",OED14,OED1,Client & Data Analytics,OED 14_9,L3,A,38
384,A3,L3A39,"OED13,OED1,Client & Data Analytics,OED 13_17",OED13,OED1,Client & Data Analytics,OED 13_17,L3,A,39
385,A3,L3A40,"OED11,OED1,Client & Data Analytics,OED 11_24",OED11,OED1,Client & Data Analytics,OED 11_24,L3,A,40
386,B3,L3B1,"OED11,OED1,Client & Data Analytics,OED 11_3",OED11,OED1,Client & Data Analytics,OED 11_3,L3,B,1
387,B3,L3B2,"OED11,OED1,Client & Data Analytics,OED 11_13",OED11,OED1,Client & Data Analytics,OED 11_13,L3,B,2
388,B3,L3B3,"OED11,OED1,Client & Data Analytics,OED 11_27",OED11,OED1,Client & Data Analytics,OED 11_27,L3,B,3
389,B3,L3B4,"OED13,OED1,Client & Data Analytics,OED 13_31",OED13,OED1,Client & Data Analytics,OED 13_31,L3,B,4
390,B3,L3B5,"OED14,OED1,Client & Data Analytics,OED 14_19",OED14,OED1,Client & Data Analytics,OED 14_19,L3,B,5
391,B3,L3B6,"OED12,OED1,Client & Data Analytics,OED 12_15",OED12,OED1,Client & Data Analytics,OED 12_15,L3,B,6
392,B3,L3B7,"OED11,OED1,Client & Data Analytics,OED 11_1",OED11,OED1,Client & Data Analytics,OED 11_1,L3,B,7
393,B3,L3B8,"OED12,OED1,Client & Data Analytics,OED 12_1",OED12,OED1,Client & Data Analytics,OED 12_1,L3,B,8
394,B3,L3B9,"OED11,OED1,Client & Data Analytics,OED 11_10",OED11,OED1,Client & Data Analytics,OED 11_10,L3,B,9
395,B3,L3B10,"OED11,OED1,Client & Data Analytics,OED 11_33",OED11,OED1,Client & Data Analytics,OED 11_33,L3,B,10
396,B3,L3B11,"OED13,OED1,Client & Data Analytics,OED 13_6",OED13,OED1,Client & Data Analytics,OED 13_6,L3,B,11
397,B3,L3B12,"OED12,OED1,Client & Data Analytics,OED 12_14",OED12,OED1,Client & Data Analytics,OED 12_14,L3,B,12
398,B3,L3B13,"OED14,OED1,Client & Data Analytics,OED 14_24",OED14,OED1,Client & Data Analytics,OED 14_24,L3,B,13
399,B3,L3B14,"OED14,OED1,Client & Data Analytics,OED 14_7",OED14,OED1,Client & Data Analytics,OED 14_7,L3,B,14
400,B3,L3B15,"OED12,OED1,Client & Data Analytics,OED 12_27",OED12,OED1,Client & Data Analytics,OED 12_27,L3,B,15
401,B3,L3B16,"OED14,OED1,Client & Data Analytics,OED 14_4",OED14,OED1,Client & Data Analytics,OED 14_4,L3,B,16
402,B3,L3B17,"OED13,OED1,Client & Data Analytics,OED 13_8",OED13,OED1,Client & Data Analytics,OED 13_8,L3,B,17
403,B3,L3B18,"OED13,OED1,Client & Data Analytics,OED 13_21",OED13,OED1,Client & Data Analytics,OED 13_21,L3,B,18
404,B3,L3B19,"OED12,OED1,Client & Data Analytics,OED 12_24",OED12,OED1,Client & Data Analytics,OED 12_24,L3,B,19
405,B3,L3B20,"OED11,OED1,Client & Data Analytics,OED 11_26",OED11,OED1,Client & Data Analytics,OED 11_26,L3,B,20
406,B3,L3B21,"OED14,OED1,Client & Data Analytics,OED 14_22",OED14,OED1,Client & Data Analytics,OED 14_22,L3,B,21
407,B3,L3B22,"OED11,OED1,Client & Data Analytics,OED 11_6",OED11,OED1,Client & Data Analytics,OED 11_6,L3,B,22
408,B3,L3B23,"OED11,OED1,Client & Data Analytics,OED 11_2",OED11,OED1,Client & Data Analytics,OED 11_2,L3,B,23
409,B3,L3B24,"OED11,OED1,Client & Data Analytics,OED 11_28",OED11,OED1,Client & Data Analytics,OED 11_28,L3,B,24
410,B3,L3B25,"OED14,OED1,Client & Data Analytics,OED 14_33",OED14,OED1,Client & Data Analytics,OED 14_33,L3,B,25
411,B3,L3B26,"OED11,OED1,Client & Data Analytics,OED 11_19",OED11,OED1,Client & Data Analytics,OED 11_19,L3,B,26
412,B3,L3B27,"OED12,OED1,Client & Data Analytics,OED 12_13",OED12,OED1,Client & Data Analytics,OED 12_13,L3,B,27
413,B3,L3B28,"OED11,OED1,Client & Data Analytics,OED 11_11",OED11,OED1,Client & Data Analytics,OED 11_11,L3,B,28
414,B3,L3B29,"OED12,OED1,Client & Data Analytics,OED 12_31",OED12,OED1,Client & Data Analytics,OED 12_31,L3,B,29
415,B3,L3B30,"OED12,OED1,Client & Data Analytics,OED 12_7",OED12,OED1,Client & Data Analytics,OED 12_7,L3,B,30
416,B3,L3B31,0,0,,,,L3,B,31
417,B3,L3B32,0,0,,,,L3,B,32
418,B3,L3B33,0,0,,,,L3,B,33
419,B3,L3B34,0,0,,,,L3,B,34
420,B3,L3B35,0,0,,,,L3,B,35
421,B3,L3B36,0,0,,,,L3,B,36
422,B3,L3B37,0,0,,,,L3,B,37
423,B3,L3B38,0,0,,,,L3,B,38
424,B3,L3B39,0,0,,,,L3,B,39
425,B3,L3B40,0,0,,,,L3,B,40
426,C3,L3C1,"OEE21,OEE2,Business Analysis,OEE 21_10",OEE21,OEE2,Business Analysis,OEE 21_10,L3,C,1
427,C3,L3C2,"OEE21,OEE2,Business Analysis,OEE 21_32",OEE21,OEE2,Business Analysis,OEE 21_32,L3,C,2
428,C3,L3C3,"OEE21,OEE2,Business Analysis,OEE 21_39",OEE21,OEE2,Business Analysis,OEE 21_39,L3,C,3
429,C3,L3C4,"OEE21,OEE2,Business Analysis,OEE 21_21",OEE21,OEE2,Business Analysis,OEE 21_21,L3,C,4
430,C3,L3C5,"OEE21,OEE2,Business Analysis,OEE 21_3",OEE21,OEE2,Business Analysis,OEE 21_3,L3,C,5
431,C3,L3C6,"OEE21,OEE2,Business Analysis,OEE 21_18",OEE21,OEE2,Business Analysis,OEE 21_18,L3,C,6
432,C3,L3C7,"OEE21,OEE2,Business Analysis,OEE 21_40",OEE21,OEE2,Business Analysis,OEE 21_40,L3,C,7
433,C3,L3C8,"OEE21,OEE2,Business Analysis,OEE 21_20",OEE21,OEE2,Business Analysis,OEE 21_20,L3,C,8
434,C3,L3C9,"OEE21,OEE2,Business Analysis,OEE 21_36",OEE21,OEE2,Business Analysis,OEE 21_36,L3,C,9
435,C3,L3C10,"OEE21,OEE2,Business Analysis,OEE 21_25",OEE21,OEE2,Business Analysis,OEE 21_25,L3,C,10
436,C3,L3C11,"OEE21,OEE2,Business Analysis,OEE 21_7",OEE21,OEE2,Business Analysis,OEE 21_7,L3,C,11
437,C3,L3C12,"OEE21,OEE2,Business Analysis,OEE 21_31",OEE21,OEE2,Business Analysis,OEE 21_31,L3,C,12
438,C3,L3C13,"OEE21,OEE2,Business Analysis,OEE 21_15",OEE21,OEE2,Business Analysis,OEE 21_15,L3,C,13
439,C3,L3C14,"OEE21,OEE2,Business Analysis,OEE 21_33",OEE21,OEE2,Business Analysis,OEE 21_33,L3,C,14
440,C3,L3C15,"OEE21,OEE2,Business Analysis,OEE 21_14",OEE21,OEE2,Business Analysis,OEE 21_14,L3,C,15
441,C3,L3C16,"OEE21,OEE2,Business Analysis,OEE 21_37",OEE21,OEE2,Business Analysis,OEE 21_37,L3,C,16
442,C3,L3C17,"OEE21,OEE2,Business Analysis,OEE 21_28",OEE21,OEE2,Business Analysis,OEE 21_28,L3,C,17
443,C3,L3C18,"OEE21,OEE2,Business Analysis,OEE 21_29",OEE21,OEE2,Business Analysis,OEE 21_29,L3,C,18
444,C3,L3C19,"OEE21,OEE2,Business Analysis,OEE 21_24",OEE21,OEE2,Business Analysis,OEE 21_24,L3,C,19
445,C3,L3C20,"OEE21,OEE2,Business Analysis,OEE 21_5",OEE21,OEE2,Business Analysis,OEE 21_5,L3,C,20
446,C3,L3C21,"OEE21,OEE2,Business Analysis,OEE 21_8",OEE21,OEE2,Business Analysis,OEE 21_8,L3,C,21
447,C3,L3C22,"OEE21,OEE2,Business Analysis,OEE 21_30",OEE21,OEE2,Business Analysis,OEE 21_30,L3,C,22
448,C3,L3C23,"OEE21,OEE2,Business Analysis,OEE 21_23",OEE21,OEE2,Business Analysis,OEE 21_23,L3,C,23
449,C3,L3C24,"OEE21,OEE2,Business Analysis,OEE 21_34",OEE21,OEE2,Business Analysis,OEE 21_34,L3,C,24
450,C3,L3C25,"OEE1,OEE,Business Analysis,OEE1",OEE1,OEE,Business Analysis,OEE1,L3,C,25
451,C3,L3C26,"OEE13,OEE1,Business Analysis,OEE 13_15",OEE13,OEE1,Business Analysis,OEE 13_15,L3,C,26
452,C3,L3C27,"OEE13,OEE1,Business Analysis,OEE 13_27",OEE13,OEE1,Business Analysis,OEE 13_27,L3,C,27
453,C3,L3C28,"OEE15,OEE1,Business Analysis,OEE 15_24",OEE15,OEE1,Business Analysis,OEE 15_24,L3,C,28
454,C3,L3C29,"OEE14,OEE1,Business Analysis,OEE 14_25",OEE14,OEE1,Business Analysis,OEE 14_25,L3,C,29
455,C3,L3C30,"OEE12,OEE1,Business Analysis,OEE 12_29",OEE12,OEE1,Business Analysis,OEE 12_29,L3,C,30
456,C3,L3C31,"OEE14,OEE1,Business Analysis,OEE 14_1",OEE14,OEE1,Business Analysis,OEE 14_1,L3,C,31
457,C3,L3C32,"OEE12,OEE1,Business Analysis,OEE 12_22",OEE12,OEE1,Business Analysis,OEE 12_22,L3,C,32
458,C3,L3C33,"OEE12,OEE1,Business Analysis,OEE 12_26",OEE12,OEE1,Business Analysis,OEE 12_26,L3,C,33
459,C3,L3C34,"OEE15,OEE1,Business Analysis,OEE 15_27",OEE15,OEE1,Business Analysis,OEE 15_27,L3,C,34
460,C3,L3C35,"OEE15,OEE1,Business Analysis,OEE 15_13",OEE15,OEE1,Business Analysis,OEE 15_13,L3,C,35
461,C3,L3C36,"OEE14,OEE1,Business Analysis,OEE 14_4",OEE14,OEE1,Business Analysis,OEE 14_4,L3,C,36
462,C3,L3C37,"OEE15,OEE1,Business Analysis,OEE 15_17",OEE15,OEE1,Business Analysis,OEE 15_17,L3,C,37
463,C3,L3C38,"OEE15,OEE1,Business Analysis,OEE 15_4",OEE15,OEE1,Business Analysis,OEE 15_4,L3,C,38
464,C3,L3C39,"OEE15,OEE1,Business Analysis,OEE 15_30",OEE15,OEE1,Business Analysis,OEE 15_30,L3,C,39
465,C3,L3C40,"OEE15,OEE1,Business Analysis,OEE 15_22",OEE15,OEE1,Business Analysis,OEE 15_22,L3,C,40
466,D3,L3D1,"OEC23,OEC2,Client & Data Analytics,OEC23_27",OEC23,OEC2,Client & Data Analytics,OEC23_27,L3,D,1
467,D3,L3D2,"OEC22,OEC2,Client & Data Analytics,OEC22_18",OEC22,OEC2,Client & Data Analytics,OEC22_18,L3,D,2
468,D3,L3D3,"OEC22,OEC2,Client & Data Analytics,OEC22_26",OEC22,OEC2,Client & Data Analytics,OEC22_26,L3,D,3
469,D3,L3D4,"OEC22,OEC2,Client & Data Analytics,OEC22_17",OEC22,OEC2,Client & Data Analytics,OEC22_17,L3,D,4
470,D3,L3D5,"OEC23,OEC2,Client & Data Analytics,OEC23_31",OEC23,OEC2,Client & Data Analytics,OEC23_31,L3,D,5
471,D3,L3D6,"OEC21,OEC2,Client & Data Analytics,OEC21_4",OEC21,OEC2,Client & Data Analytics,OEC21_4,L3,D,6
472,D3,L3D7,"OEC23,OEC2,Client & Data Analytics,OEC23_19",OEC23,OEC2,Client & Data Analytics,OEC23_19,L3,D,7
473,D3,L3D8,"OEC22,OEC2,Client & Data Analytics,OEC22_19",OEC22,OEC2,Client & Data Analytics,OEC22_19,L3,D,8
474,D3,L3D9,"OEC23,OEC2,Client & Data Analytics,OEC23_8",OEC23,OEC2,Client & Data Analytics,OEC23_8,L3,D,9
475,D3,L3D10,"OEC23,OEC2,Client & Data Analytics,OEC23_16",OEC23,OEC2,Client & Data Analytics,OEC23_16,L3,D,10
476,D3,L3D11,"OEC21,OEC2,Client & Data Analytics,OEC21_2",OEC21,OEC2,Client & Data Analytics,OEC21_2,L3,D,11
477,D3,L3D12,"OEC23,OEC2,Client & Data Analytics,OEC23_32",OEC23,OEC2,Client & Data Analytics,OEC23_32,L3,D,12
478,D3,L3D13,"OEC23,OEC2,Client & Data Analytics,OEC23_39",OEC23,OEC2,Client & Data Analytics,OEC23_39,L3,D,13
479,D3,L3D14,"OEC22,OEC2,Client & Data Analytics,OEC22_25",OEC22,OEC2,Client & Data Analytics,OEC22_25,L3,D,14
480,D3,L3D15,"OEC23,OEC2,Client & Data Analytics,OEC23_38",OEC23,OEC2,Client & Data Analytics,OEC23_38,L3,D,15
481,D3,L3D16,"OEC23,OEC2,Client & Data Analytics,OEC23_36",OEC23,OEC2,Client & Data Analytics,OEC23_36,L3,D,16
482,D3,L3D17,"OEC23,OEC2,Client & Data Analytics,OEC23_25",OEC23,OEC2,Client & Data Analytics,OEC23_25,L3,D,17
483,D3,L3D18,"OEC21,OEC2,Client & Data Analytics,OEC21_16",OEC21,OEC2,Client & Data Analytics,OEC21_16,L3,D,18
484,D3,L3D19,"OEC23,OEC2,Client & Data Analytics,OEC23_26",OEC23,OEC2,Client & Data Analytics,OEC23_26,L3,D,19
485,D3,L3D20,"OEC23,OEC2,Client & Data Analytics,OEC23_41",OEC23,OEC2,Client & Data Analytics,OEC23_41,L3,D,20
486,D3,L3D21,"OEC23,OEC2,Client & Data Analytics,OEC23_28",OEC23,OEC2,Client & Data Analytics,OEC23_28,L3,D,21
487,D3,L3D22,"OEC23,OEC2,Client & Data Analytics,OEC23_40",OEC23,OEC2,Client & Data Analytics,OEC23_40,L3,D,22
488,D3,L3D23,"OEC22,OEC2,Client & Data Analytics,OEC22_22",OEC22,OEC2,Client & Data Analytics,OEC22_22,L3,D,23
489,D3,L3D24,"OEC22,OEC2,Client & Data Analytics,OEC22_1",OEC22,OEC2,Client & Data Analytics,OEC22_1,L3,D,24
490,D3,L3D25,"OEC22,OEC2,Client & Data Analytics,OEC22_11",OEC22,OEC2,Client & Data Analytics,OEC22_11,L3,D,25
491,D3,L3D26,"OEC23,OEC2,Client & Data Analytics,OEC23_17",OEC23,OEC2,Client & Data Analytics,OEC23_17,L3,D,26
492,D3,L3D27,"OEC21,OEC2,Client & Data Analytics,OEC21_1",OEC21,OEC2,Client & Data Analytics,OEC21_1,L3,D,27
493,D3,L3D28,"OEC23,OEC2,Client & Data Analytics,OEC23_35",OEC23,OEC2,Client & Data Analytics,OEC23_35,L3,D,28
494,D3,L3D29,"OEC22,OEC2,Client & Data Analytics,OEC22_9",OEC22,OEC2,Client & Data Analytics,OEC22_9,L3,D,29
495,D3,L3D30,"OEC23,OEC2,Client & Data Analytics,OEC23_23",OEC23,OEC2,Client & Data Analytics,OEC23_23,L3,D,30
496,D3,L3D31,"OEC23,OEC2,Client & Data Analytics,OEC23_45",OEC23,OEC2,Client & Data Analytics,OEC23_45,L3,D,31
497,D3,L3D32,"OEC23,OEC2,Client & Data Analytics,OEC23_30",OEC23,OEC2,Client & Data Analytics,OEC23_30,L3,D,32
498,D3,L3D33,"OEC22,OEC2,Client & Data Analytics,OEC22_5",OEC22,OEC2,Client & Data Analytics,OEC22_5,L3,D,33
499,D3,L3D34,"OEC23,OEC2,Client & Data Analytics,OEC23_11",OEC23,OEC2,Client & Data Analytics,OEC23_11,L3,D,34
500,D3,L3D35,"OEC21,OEC2,Client & Data Analytics,OEC21_20",OEC21,OEC2,Client & Data Analytics,OEC21_20,L3,D,35
501,D3,L3D36,"OEC22,OEC2,Client & Data Analytics,OEC22_28",OEC22,OEC2,Client & Data Analytics,OEC22_28,L3,D,36
502,D3,L3D37,"OEC23,OEC2,Client & Data Analytics,OEC23_22",OEC23,OEC2,Client & Data Analytics,OEC23_22,L3,D,37
503,D3,L3D38,"OEC22,OEC2,Client & Data Analytics,OEC22_12",OEC22,OEC2,Client & Data Analytics,OEC22_12,L3,D,38
504,D3,L3D39,"OEC21,OEC2,Client & Data Analytics,OEC21_8",OEC21,OEC2,Client & Data Analytics,OEC21_8,L3,D,39
505,D3,L3D40,"OEC22,OEC2,Client & Data Analytics,OEC22_3",OEC22,OEC2,Client & Data Analytics,OEC22_3,L3,D,40
506,D3,L3D41,"OEC22,OEC2,Client & Data Analytics,OEC22_7",OEC22,OEC2,Client & Data Analytics,OEC22_7,L3,D,41
507,D3,L3D42,"OEC21,OEC2,Client & Data Analytics,OEC21_5",OEC21,OEC2,Client & Data Analytics,OEC21_5,L3,D,42
508,A4,L4A1,"OEE14,OEE1,Business Analysis,OEE 14_22",OEE14,OEE1,Business Analysis,OEE 14_22,L4,A,1
509,A4,L4A2,"OEE13,OEE1,Business Analysis,OEE 13_25",OEE13,OEE1,Business Analysis,OEE 13_25,L4,A,2
510,A4,L4A3,"OEE14,OEE1,Business Analysis,OEE 14_5",OEE14,OEE1,Business Analysis,OEE 14_5,L4,A,3
511,A4,L4A4,"OEE15,OEE1,Business Analysis,OEE 15_23",OEE15,OEE1,Business Analysis,OEE 15_23,L4,A,4
512,A4,L4A5,"OEE14,OEE1,Business Analysis,OEE 14_11",OEE14,OEE1,Business Analysis,OEE 14_11,L4,A,5
513,A4,L4A6,"OEE11,OEE1,Business Analysis,OEE 11_8",OEE11,OEE1,Business Analysis,OEE 11_8,L4,A,6
514,A4,L4A7,"OEE11,OEE1,Business Analysis,OEE 11_30",OEE11,OEE1,Business Analysis,OEE 11_30,L4,A,7
515,A4,L4A8,"OEE14,OEE1,Business Analysis,OEE 14_20",OEE14,OEE1,Business Analysis,OEE 14_20,L4,A,8
516,A4,L4A9,"OEE11,OEE1,Business Analysis,OEE 11_23",OEE11,OEE1,Business Analysis,OEE 11_23,L4,A,9
517,A4,L4A10,"OEE12,OEE1,Business Analysis,OEE 12_16",OEE12,OEE1,Business Analysis,OEE 12_16,L4,A,10
518,A4,L4A11,"OEE15,OEE1,Business Analysis,OEE 15_28",OEE15,OEE1,Business Analysis,OEE 15_28,L4,A,11
519,A4,L4A12,"OEE13,OEE1,Business Analysis,OEE 13_32",OEE13,OEE1,Business Analysis,OEE 13_32,L4,A,12
520,A4,L4A13,"OEE12,OEE1,Business Analysis,OEE 12_3",OEE12,OEE1,Business Analysis,OEE 12_3,L4,A,13
521,A4,L4A14,"OEE13,OEE1,Business Analysis,OEE 13_3",OEE13,OEE1,Business Analysis,OEE 13_3,L4,A,14
522,A4,L4A15,"OEE13,OEE1,Business Analysis,OEE 13_19",OEE13,OEE1,Business Analysis,OEE 13_19,L4,A,15
523,A4,L4A16,"OEE11,OEE1,Business Analysis,OEE 11_9",OEE11,OEE1,Business Analysis,OEE 11_9,L4,A,16
524,A4,L4A17,"OEE11,OEE1,Business Analysis,OEE 11_32",OEE11,OEE1,Business Analysis,OEE 11_32,L4,A,17
525,A4,L4A18,"OEE13,OEE1,Business Analysis,OEE 13_17",OEE13,OEE1,Business Analysis,OEE 13_17,L4,A,18
526,A4,L4A19,"OEE14,OEE1,Business Analysis,OEE 14_12",OEE14,OEE1,Business Analysis,OEE 14_12,L4,A,19
527,A4,L4A20,"OEE13,OEE1,Business Analysis,OEE 13_12",OEE13,OEE1,Business Analysis,OEE 13_12,L4,A,20
528,A4,L4A21,"OEE15,OEE1,Business Analysis,OEE 15_9",OEE15,OEE1,Business Analysis,OEE 15_9,L4,A,21
529,A4,L4A22,"OEE12,OEE1,Business Analysis,OEE 12_6",OEE12,OEE1,Business Analysis,OEE 12_6,L4,A,22
530,A4,L4A23,"OEE13,OEE1,Business Analysis,OEE 13_4",OEE13,OEE1,Business Analysis,OEE 13_4,L4,A,23
531,A4,L4A24,"OEE12,OEE1,Business Analysis,OEE 12_13",OEE12,OEE1,Business Analysis,OEE 12_13,L4,A,24
532,A4,L4A25,"OEE13,OEE1,Business Analysis,OEE 13_21",OEE13,OEE1,Business Analysis,OEE 13_21,L4,A,25
533,A4,L4A26,"OEE13,OEE1,Business Analysis,OEE 13_28",OEE13,OEE1,Business Analysis,OEE 13_28,L4,A,26
534,A4,L4A27,"OEE15,OEE1,Business Analysis,OEE 15_20",OEE15,OEE1,Business Analysis,OEE 15_20,L4,A,27
535,A4,L4A28,"OEE14,OEE1,Business Analysis,OEE 14_13",OEE14,OEE1,Business Analysis,OEE 14_13,L4,A,28
536,A4,L4A29,"OEE12,OEE1,Business Analysis,OEE 12_14",OEE12,OEE1,Business Analysis,OEE 12_14,L4,A,29
537,A4,L4A30,"OEE15,OEE1,Business Analysis,OEE 15_26",OEE15,OEE1,Business Analysis,OEE 15_26,L4,A,30
538,A4,L4A31,"OEE11,OEE1,Business Analysis,OEE 11_27",OEE11,OEE1,Business Analysis,OEE 11_27,L4,A,31
539,A4,L4A32,"OEE11,OEE1,Business Analysis,OEE 11_10",OEE11,OEE1,Business Analysis,OEE 11_10,L4,A,32
540,A4,L4A33,"OEE12,OEE1,Business Analysis,OEE 12_11",OEE12,OEE1,Business Analysis,OEE 12_11,L4,A,33
541,A4,L4A34,"OEE12,OEE1,Business Analysis,OEE 12_27",OEE12,OEE1,Business Analysis,OEE 12_27,L4,A,34
542,A4,L4A35,"OEE12,OEE1,Business Analysis,OEE 12_24",OEE12,OEE1,Business Analysis,OEE 12_24,L4,A,35
543,A4,L4A36,"OEE12,OEE1,Business Analysis,OEE 12_4",OEE12,OEE1,Business Analysis,OEE 12_4,L4,A,36
544,A4,L4A37,"OEE11,OEE1,Business Analysis,OEE 11_1",OEE11,OEE1,Business Analysis,OEE 11_1,L4,A,37
545,A4,L4A38,"OEE13,OEE1,Business Analysis,OEE 13_13",OEE13,OEE1,Business Analysis,OEE 13_13,L4,A,38
546,A4,L4A39,"OEE15,OEE1,Business Analysis,OEE 15_2",OEE15,OEE1,Business Analysis,OEE 15_2,L4,A,39
547,A4,L4A40,"OEE12,OEE1,Business Analysis,OEE 12_2",OEE12,OEE1,Business Analysis,OEE 12_2,L4,A,40
548,B4,L4B1,"OEE15,OEE1,Business Analysis,OEE 15_21",OEE15,OEE1,Business Analysis,OEE 15_21,L4,B,1
549,B4,L4B2,"OEE12,OEE1,Business Analysis,OEE 12_10",OEE12,OEE1,Business Analysis,OEE 12_10,L4,B,2
550,B4,L4B3,"OEE15,OEE1,Business Analysis,OEE 15_5",OEE15,OEE1,Business Analysis,OEE 15_5,L4,B,3
551,B4,L4B4,"OEE12,OEE1,Business Analysis,OEE 12_12",OEE12,OEE1,Business Analysis,OEE 12_12,L4,B,4
552,B4,L4B5,"OEE12,OEE1,Business Analysis,OEE 12_18",OEE12,OEE1,Business Analysis,OEE 12_18,L4,B,5
553,B4,L4B6,"OEE15,OEE1,Business Analysis,OEE 15_14",OEE15,OEE1,Business Analysis,OEE 15_14,L4,B,6
554,B4,L4B7,"OEE13,OEE1,Business Analysis,OEE 13_30",OEE13,OEE1,Business Analysis,OEE 13_30,L4,B,7
555,B4,L4B8,"OEE15,OEE1,Business Analysis,OEE 15_18",OEE15,OEE1,Business Analysis,OEE 15_18,L4,B,8
556,B4,L4B9,"OEE13,OEE1,Business Analysis,OEE 13_22",OEE13,OEE1,Business Analysis,OEE 13_22,L4,B,9
557,B4,L4B10,"OEE14,OEE1,Business Analysis,OEE 14_33",OEE14,OEE1,Business Analysis,OEE 14_33,L4,B,10
558,B4,L4B11,"OEE12,OEE1,Business Analysis,OEE 12_17",OEE12,OEE1,Business Analysis,OEE 12_17,L4,B,11
559,B4,L4B12,"OEE14,OEE1,Business Analysis,OEE 14_21",OEE14,OEE1,Business Analysis,OEE 14_21,L4,B,12
560,B4,L4B13,"OEE12,OEE1,Business Analysis,OEE 12_8",OEE12,OEE1,Business Analysis,OEE 12_8,L4,B,13
561,B4,L4B14,"OEE13,OEE1,Business Analysis,OEE 13_8",OEE13,OEE1,Business Analysis,OEE 13_8,L4,B,14
562,B4,L4B15,"OEE13,OEE1,Business Analysis,OEE 13_10",OEE13,OEE1,Business Analysis,OEE 13_10,L4,B,15
563,B4,L4B16,"OEE11,OEE1,Business Analysis,OEE 11_26",OEE11,OEE1,Business Analysis,OEE 11_26,L4,B,16
564,B4,L4B17,"OEE11,OEE1,Business Analysis,OEE 11_21",OEE11,OEE1,Business Analysis,OEE 11_21,L4,B,17
565,B4,L4B18,"OEE11,OEE1,Business Analysis,OEE 11_13",OEE11,OEE1,Business Analysis,OEE 11_13,L4,B,18
566,B4,L4B19,"OEE13,OEE1,Business Analysis,OEE 13_1",OEE13,OEE1,Business Analysis,OEE 13_1,L4,B,19
567,B4,L4B20,"OEE12,OEE1,Business Analysis,OEE 12_5",OEE12,OEE1,Business Analysis,OEE 12_5,L4,B,20
568,B4,L4B21,"OEE11,OEE1,Business Analysis,OEE 11_25",OEE11,OEE1,Business Analysis,OEE 11_25,L4,B,21
569,B4,L4B22,"OEE12,OEE1,Business Analysis,OEE 12_30",OEE12,OEE1,Business Analysis,OEE 12_30,L4,B,22
570,B4,L4B23,"OEE14,OEE1,Business Analysis,OEE 14_26",OEE14,OEE1,Business Analysis,OEE 14_26,L4,B,23
571,B4,L4B24,"OEE13,OEE1,Business Analysis,OEE 13_23",OEE13,OEE1,Business Analysis,OEE 13_23,L4,B,24
572,B4,L4B25,"OEE11,OEE1,Business Analysis,OEE 11_5",OEE11,OEE1,Business Analysis,OEE 11_5,L4,B,25
573,B4,L4B26,"OEE14,OEE1,Business Analysis,OEE 14_3",OEE14,OEE1,Business Analysis,OEE 14_3,L4,B,26
574,B4,L4B27,"OEE13,OEE1,Business Analysis,OEE 13_31",OEE13,OEE1,Business Analysis,OEE 13_31,L4,B,27
575,B4,L4B28,"OEE11,OEE1,Business Analysis,OEE 11_11",OEE11,OEE1,Business Analysis,OEE 11_11,L4,B,28
576,B4,L4B29,"OEE14,OEE1,Business Analysis,OEE 14_29",OEE14,OEE1,Business Analysis,OEE 14_29,L4,B,29
577,B4,L4B30,"OEE15,OEE1,Business Analysis,OEE 15_1",OEE15,OEE1,Business Analysis,OEE 15_1,L4,B,30
578,B4,L4B31,"OEE14,OEE1,Business Analysis,OEE 14_16",OEE14,OEE1,Business Analysis,OEE 14_16,L4,B,31
579,B4,L4B32,"OEE14,OEE1,Business Analysis,OEE 14_30",OEE14,OEE1,Business Analysis,OEE 14_30,L4,B,32
580,B4,L4B33,"OEE13,OEE1,Business Analysis,OEE 13_26",OEE13,OEE1,Business Analysis,OEE 13_26,L4,B,33
581,B4,L4B34,"OEE13,OEE1,Business Analysis,OEE 13_29",OEE13,OEE1,Business Analysis,OEE 13_29,L4,B,34
582,B4,L4B35,"OEE15,OEE1,Business Analysis,OEE 15_8",OEE15,OEE1,Business Analysis,OEE 15_8,L4,B,35
583,B4,L4B36,"OEE15,OEE1,Business Analysis,OEE 15_29",OEE15,OEE1,Business Analysis,OEE 15_29,L4,B,36
584,B4,L4B37,"OEE14,OEE1,Business Analysis,OEE 14_31",OEE14,OEE1,Business Analysis,OEE 14_31,L4,B,37
585,B4,L4B38,0,0,,,,L4,B,38
586,B4,L4B39,0,0,,,,L4,B,39
587,B4,L4B40,0,0,,,,L4,B,40
588,C4,L4C1,0,0,,,,L4,C,1
589,C4,L4C2,0,0,,,,L4,C,2
590,C4,L4C3,0,0,,,,L4,C,3
591,C4,L4C4,0,0,,,,L4,C,4
592,C4,L4C5,0,0,,,,L4,C,5
593,C4,L4C6,0,0,,,,L4,C,6
594,C4,L4C7,0,0,,,,L4,C,7
595,C4,L4C8,0,0,,,,L4,C,8
596,C4,L4C9,0,0,,,,L4,C,9
597,C4,L4C10,0,0,,,,L4,C,10
598,C4,L4C11,0,0,,,,L4,C,11
599,C4,L4C12,0,0,,,,L4,C,12
600,C4,L4C13,0,0,,,,L4,C,13
601,C4,L4C14,0,0,,,,L4,C,14
602,C4,L4C15,0,0,,,,L4,C,15
603,C4,L4C16,0,0,,,,L4,C,16
604,C4,L4C17,0,0,,,,L4,C,17
605,C4,L4C18,0,0,,,,L4,C,18
606,C4,L4C19,0,0,,,,L4,C,19
607,C4,L4C20,0,0,,,,L4,C,20
608,C4,L4C21,0,0,,,,L4,C,21
609,C4,L4C22,0,0,,,,L4,C,22
610,C4,L4C23,0,0,,,,L4,C,23
611,C4,L4C24,0,0,,,,L4,C,24
612,C4,L4C25,0,0,,,,L4,C,25
613,C4,L4C26,0,0,,,,L4,C,26
614,C4,L4C27,0,0,,,,L4,C,27
615,C4,L4C28,0,0,,,,L4,C,28
616,C4,L4C29,0,0,,,,L4,C,29
617,C4,L4C30,0,0,,,,L4,C,30
618,C4,L4C31,0,0,,,,L4,C,31
619,C4,L4C32,0,0,,,,L4,C,32
620,C4,L4C33,0,0,,,,L4,C,33
621,C4,L4C34,0,0,,,,L4,C,34
622,C4,L4C35,0,0,,,,L4,C,35
623,C4,L4C36,0,0,,,,L4,C,36
624,C4,L4C37,0,0,,,,L4,C,37
625,C4,L4C38,0,0,,,,L4,C,38
626,C4,L4C39,0,0,,,,L4,C,39
627,C4,L4C40,0,0,,,,L4,C,40
628,D4,L4D1,"OEA14,OEA1,Order Mgmt ,OEA14_20",OEA14,OEA1,Order Mgmt ,OEA14_20,L4,D,1
629,D4,L4D2,"OEA14,OEA1,Order Mgmt ,OEA14_12",OEA14,OEA1,Order Mgmt ,OEA14_12,L4,D,2
630,D4,L4D3,"OEA14,OEA1,Order Mgmt ,OEA14_31",OEA14,OEA1,Order Mgmt ,OEA14_31,L4,D,3
631,D4,L4D4,"OEA11,OEA1,Order Mgmt ,OEA11_19",OEA11,OEA1,Order Mgmt ,OEA11_19,L4,D,4
632,D4,L4D5,"OEA11,OEA1,Order Mgmt ,OEA11_16",OEA11,OEA1,Order Mgmt ,OEA11_16,L4,D,5
633,D4,L4D6,"OEA14,OEA1,Order Mgmt ,OEA14_33",OEA14,OEA1,Order Mgmt ,OEA14_33,L4,D,6
634,D4,L4D7,"OEA12,OEA1,Order Mgmt ,OEA1_7",OEA12,OEA1,Order Mgmt ,OEA1_7,L4,D,7
635,D4,L4D8,"OEA13,OEA1,Order Mgmt ,OEA13_12",OEA13,OEA1,Order Mgmt ,OEA13_12,L4,D,8
636,D4,L4D9,"OEA12,OEA1,Order Mgmt ,OEA1_12",OEA12,OEA1,Order Mgmt ,OEA1_12,L4,D,9
637,D4,L4D10,"OEA12,OEA1,Order Mgmt ,OEA1_27",OEA12,OEA1,Order Mgmt ,OEA1_27,L4,D,10
638,D4,L4D11,"OEA11,OEA1,Order Mgmt ,OEA11_10",OEA11,OEA1,Order Mgmt ,OEA11_10,L4,D,11
639,D4,L4D12,"OEA13,OEA1,Order Mgmt ,OEA13_27",OEA13,OEA1,Order Mgmt ,OEA13_27,L4,D,12
640,D4,L4D13,"OEA13,OEA1,Order Mgmt ,OEA13_24",OEA13,OEA1,Order Mgmt ,OEA13_24,L4,D,13
641,D4,L4D14,"OEA14,OEA1,Order Mgmt ,OEA14_22",OEA14,OEA1,Order Mgmt ,OEA14_22,L4,D,14
642,D4,L4D15,"OEA14,OEA1,Order Mgmt ,OEA14_4",OEA14,OEA1,Order Mgmt ,OEA14_4,L4,D,15
643,D4,L4D16,"OEA14,OEA1,Order Mgmt ,OEA14_11",OEA14,OEA1,Order Mgmt ,OEA14_11,L4,D,16
644,D4,L4D17,"OEA11,OEA1,Order Mgmt ,OEA11_17",OEA11,OEA1,Order Mgmt ,OEA11_17,L4,D,17
645,D4,L4D18,"OEA11,OEA1,Order Mgmt ,OEA11_21",OEA11,OEA1,Order Mgmt ,OEA11_21,L4,D,18
646,D4,L4D19,"OEA11,OEA1,Order Mgmt ,OEA11_25",OEA11,OEA1,Order Mgmt ,OEA11_25,L4,D,19
647,D4,L4D20,"OEA13,OEA1,Order Mgmt ,OEA13_8",OEA13,OEA1,Order Mgmt ,OEA13_8,L4,D,20
648,D4,L4D21,"OEA14,OEA1,Order Mgmt ,OEA14_10",OEA14,OEA1,Order Mgmt ,OEA14_10,L4,D,21
649,D4,L4D22,"OEA14,OEA1,Order Mgmt ,OEA14_26",OEA14,OEA1,Order Mgmt ,OEA14_26,L4,D,22
650,D4,L4D23,"OEA13,OEA1,Order Mgmt ,OEA13_21",OEA13,OEA1,Order Mgmt ,OEA13_21,L4,D,23
651,D4,L4D24,"OEA14,OEA1,Order Mgmt ,OEA14_23",OEA14,OEA1,Order Mgmt ,OEA14_23,L4,D,24
652,D4,L4D25,"OEA12,OEA1,Order Mgmt ,OEA1_26",OEA12,OEA1,Order Mgmt ,OEA1_26,L4,D,25
653,D4,L4D26,"OEA12,OEA1,Order Mgmt ,OEA1_25",OEA12,OEA1,Order Mgmt ,OEA1_25,L4,D,26
654,D4,L4D27,"OEA14,OEA1,Order Mgmt ,OEA14_17",OEA14,OEA1,Order Mgmt ,OEA14_17,L4,D,27
655,D4,L4D28,"OEA13,OEA1,Order Mgmt ,OEA13_34",OEA13,OEA1,Order Mgmt ,OEA13_34,L4,D,28
656,D4,L4D29,"OEA12,OEA1,Order Mgmt ,OEA1_21",OEA12,OEA1,Order Mgmt ,OEA1_21,L4,D,29
657,D4,L4D30,"OEA14,OEA1,Order Mgmt ,OEA14_24",OEA14,OEA1,Order Mgmt ,OEA14_24,L4,D,30
658,D4,L4D31,"OEA11,OEA1,Order Mgmt ,OEA11_12",OEA11,OEA1,Order Mgmt ,OEA11_12,L4,D,31
659,D4,L4D32,"OEA14,OEA1,Order Mgmt ,OEA14_6",OEA14,OEA1,Order Mgmt ,OEA14_6,L4,D,32
660,D4,L4D33,"OEA13,OEA1,Order Mgmt ,OEA13_6",OEA13,OEA1,Order Mgmt ,OEA13_6,L4,D,33
661,D4,L4D34,"OEA11,OEA1,Order Mgmt ,OEA11_22",OEA11,OEA1,Order Mgmt ,OEA11_22,L4,D,34
662,D4,L4D35,"OEA14,OEA1,Order Mgmt ,OEA14_25",OEA14,OEA1,Order Mgmt ,OEA14_25,L4,D,35
663,D4,L4D36,"OEA14,OEA1,Order Mgmt ,OEA14_21",OEA14,OEA1,Order Mgmt ,OEA14_21,L4,D,36
664,D4,L4D37,"OEA13,OEA1,Order Mgmt ,OEA13_5",OEA13,OEA1,Order Mgmt ,OEA13_5,L4,D,37
665,D4,L4D38,"OEA11,OEA1,Order Mgmt ,OEA11_8",OEA11,OEA1,Order Mgmt ,OEA11_8,L4,D,38
666,D4,L4D39,"OEA13,OEA1,Order Mgmt ,OEA13_31",OEA13,OEA1,Order Mgmt ,OEA13_31,L4,D,39
667,D4,L4D40,"OEA13,OEA1,Order Mgmt ,OEA13_30",OEA13,OEA1,Order Mgmt ,OEA13_30,L4,D,40
668,D4,L4D41,"OEA13,OEA1,Order Mgmt ,OEA13_1",OEA13,OEA1,Order Mgmt ,OEA13_1,L4,D,41
669,D4,L4D42,"OEA11,OEA1,Order Mgmt ,OEA11_15",OEA11,OEA1,Order Mgmt ,OEA11_15,L4,D,42
670,D4,L4D43,"OEA11,OEA1,Order Mgmt ,OEA11_29",OEA11,OEA1,Order Mgmt ,OEA11_29,L4,D,43
